text,label
云南永善县级地震已致人伤间民房受损中新网月日电据云南昭通市防震减灾局官方网站消息截至日时云南昭通永善县级地震已造成人受伤其中重伤人轻伤人已全部送医院救治民房受损户间倒塌户间个乡镇所学校不同程度受损目前被损毁电力交通通讯设施已全部抢通修复当地已调拨帐篷顶紧急转移万人月日时分云南昭通永善县发生里氏级地震震源深度公里当地震感强烈此外成都等四川多地也有明显震感,地震
四川蓬安县房屋瓦片被震落广西陕西震感强烈年月日月日时分四川汶川发生级地震时分新民网记者电话连线上海网友何女士何女士得知四川发生地震随即打电话给身处四川蓬安县徐家镇黄坪乡的父亲据何女士介绍蓬安县距此次地震的中心区域汶川县大约七八十公里当地很多电话无法拨通何女士引述其父亲的话说当地房屋出现明显震感房顶的瓦片被震落目前当地的村民不敢呆在家里都躲在平地处另有新民网广西网友留言称下午点半办公室晃动以为是地基出问题了急忙跑下楼楼下站满了人我从来没有感觉过地震我们是丘陵地带从来没有过地震我的位置在广西桂林电话联系南宁的朋友南宁也有地震陕西网友跟帖称陕西富平震感明显持续时间秒,地震
四川汶川强地震近万人丧生中国各界奋力救灾中新社北京五月十三日电综合消息截至北京时间十时北京时间五月十二日十四时二十八分四川汶川县发生七点八级地震本次四川地震震级高有感范围大波及宁夏甘肃陕西山西山东河南湖北湖南重庆贵州云南广西西藏江苏辽宁北京上海等地强震造成近万人丧生因此次四川地震震级高又属浅源性地震释放能量剧烈给当地民众生命财产造成巨大的伤害和损失据中国民政部统计截至十三日九时四川汶川县地震已造成四川甘肃陕西重庆云南山西贵州湖北八省市共九千二百余人死亡倒塌房屋五十余万间决策层分层布置确定救灾方针汶川地震发生后五月十二日晚中共中央政治局召开常委会议全面部署当前抗震救灾工作中共中央总书记胡锦涛主持会议决定成立抗震救灾总指挥部由温家宝任总指挥李克强回良玉任副总指挥全面负责当前的抗震救灾工作会议要求要立即组织人民解放军武警部队民兵预备役和医疗卫生人员尽快赶赴灾区全力抢救受伤人员要千方百计向灾区运送食品饮用水药品和帐篷防寒衣被等救灾物资确保灾区群众有饭吃有衣穿有干净水喝有临时住处要迅速组织力量抓紧抢修受损的设施和设备尽快恢复灾区的通路通电通信和供水解放军五万余人陆空开进灾区据中央电视台报道目前已有近两万解放军和武警官兵到达灾区开展救援另有二点四万名官兵紧急空运到重灾区还有一万名官兵通过铁路输送前往灾区实施应急救助三千名公安消防和特警也将紧急调往灾区中国国际救援队也已抵达灾区开始救援有关部委迅速开展抗震救灾汶川地震发生后国家有关部门立即行动起来开展抗震救灾工作中国民政部紧急调拨五千顶帐篷支援灾区民政部长李学举亲赴灾区协助指导抗震救灾工作卫生部组织十余支卫生应急队伍已启程赶赴灾区中国红十字会总会十二日紧急向灾区调拨五百余顶单帐篷二千五百床棉被等价值七十八万余元人民币的救灾物资全国总工会向灾区紧急拨款一百万元救灾慰问金解决受灾职工生产生活困难国际社会密切关注表示关切国际社会对四川汶川地震给予了极大关注多国政府首脑纷纷致电中国政府对死难者表示了深切哀悼联合国秘书长潘基文十二日晚致电中国外交部长杨洁篪代表联合国向中国地震死难者表沉痛哀悼表示联合国将全力支持中国的救灾和重建工作美国总统布什十二日发表声明向在四川地震中的死难者表示沉痛哀悼而美国也准备好协助中国政府救灾日本首相福田康夫十二日晚通过中国驻日本大使馆致电胡锦涛和温家宝向地震灾区表示慰问并表示准备尽力提供所需援助此外海外华侨华人已开始捐款捐物表示尽己之力帮助灾区民众抗震救灾,地震
四川发生级地震波及云南多个地区年月日中新社昆明月三十日电八记者甘娜刘子倩八月三十日十六时三十分四川省攀枝花市仁和区与四川省凉山彝族自治州会理县交界处发生六点一级地震云南省的楚雄昆明丽江大理等多个地区有强烈震感目前暂无人员伤亡报告云南省楚雄彝族自治州永仁县距震中仅八十九公里记者致电该县县委办公室据工作人员介绍该县震感极为强烈县委书记已赶到该县地震局开紧急会议永仁县目前已逐一给下辖的各乡镇打去电话要求从乡镇到居委会第一时间统计人员伤亡情况据一位值班官员介绍该县的村镇损失较为严重倒塌房屋较多而县城的一些砖墙倒塌房屋顶瓦片破损另据该县地震局相关人士透露由于手机通讯中断乡镇的统计数据仍无法进一步汇总此外云南省会昆明也有强烈震感许多市民冒雨走上街头通讯短暂中断现已恢复正常丽江市与四川省攀枝花市相邻较近的华坪和永胜两个县也有强烈震感截至记者发稿时还没有收到云南省人员伤亡的报告完,地震
四川攀枝花地震已部分房屋垮塌年月日新华网成都月日电记者肖林杨三军记者从攀枝花仁和区和凉山彝族自治州会理县了解到日时分在两地交界处发生的级地震已造成部分乡镇房屋垮塌扯裂尚未接到人员伤亡报告记者从仁和区委和会理县值班室电话联系获悉两地城区震感明显但无房屋倒塌震区人员已跑出住房当地政府正在组织抢险因地震造成通讯障碍当地大多乡镇仍然联系不上据仁和区委值班室值班人员介绍该区平地镇反映镇上已出现房屋倒塌扯裂现象没有接到人员伤亡报告其他乡镇一直打不进电话估计灾情较重的应是大龙潭乡和平地镇记者从攀枝花市仁和区有关部门了解到到时分当地至少发生二三次有明显震感的余震沿金沙江一带估计有房屋倒塌和人员伤亡当地重灾乡镇为大龙潭乡平地镇因电话不通仁和区委区政府领导已赶赴这两个乡镇区委所在地仁和镇暂未发现房屋倒塌和人员伤亡据会理县政府值班室人员介绍该县已联系上江竹乡该乡学校房屋在地震中扯裂其他乡镇也因通讯障碍无法联系上估计灾情会出现在沿金沙江的一些乡镇,地震
宁夏银川发生有感地震持续时间秒左右年月日今天时分宁夏回族自治区首府银川市发生有感地震震动时间持续秒左右时分左右记者在办公室里忽然觉得有震感以为发生错觉待抬头看悬挂着的日光灯时发现灯在晃动后发现水桶里的矿泉水也在晃动记者急忙跑到楼道此时的感觉就像楼在水中漂记者从四楼跑到楼下发现楼下已经站满了人大家都在议论刚才发生的地震与记者站邻近的一家学校已把所有学生全部疏散到空旷的场地此次有感地震震级多少震中在哪里目前尚未得知,地震
甘肃兰州震感明显年月日新华网兰州月日电受强烈地震影响日时分许兰州市区感受到明显震感市民纷纷走上街头避险学校等单位也立即疏散人群到安全场所避险大量停靠在路边的车辆受震动影响警报器纷纷响起手机通讯一度普遍受阻中广网消息今天下午时分记者正在写稿时电脑桌忽然摇曳起来紧接着房间的衣架也不停摇来摇去当记者站起身来时觉得整个房间呈由北向南摇摆后来感觉整座办公大楼也一样摇来摆去此时房间的写字台和书柜发出了吓人的咯吱咯吱的响声后来听见楼下院子里有人喊地震了地震了而这种摇曳大约至少持续了分钟时间据记者所知近期地震部门没有任何预报有关震级和震中等相关信息记者将前往地震部门作进一步了解,地震
尼加拉瓜太平洋沿岸发生级地震尼加拉瓜西南部太平洋沿岸日下午发生级地震目前人员伤亡和财产损失情况不明尼加拉瓜政府发言人罗萨里奥穆里略当天通过全国电视网络证实地震发生在当地时间日时分北京时间日时分震中位于西南部城市楠代梅附近距离首都马那瓜公里震源深度公里地震持续时间约秒马那瓜莱昂等多个城市震感非常强烈尼加拉瓜西北部日刚发生级地震及逾百次余震截至目前已导致人死亡多人受伤多间房屋遭受不同程度损坏尼总统奥尔特加日凌晨宣布该国进入紧急状态数千名震区内的危房住户被紧急转移当地所有学校停课主要商业设施关闭记者在首都街头看到地震发生后人们纷纷涌上街头和附近空地避险许多民众自日晚到现在一直没敢回家首都地区的许多住宅墙体开裂,地震
国家地震台网台湾高雄日时分发生级地震年月日新华社北京月日电据国家地震台网测定月日时分在台湾省高雄县北纬度东经度发生级地震,地震
四川地震对云南有一定影响部分地区房屋已出现倒损年月日新华网昆明月日电日四川发生地震后对云南的昭通等地造成一定影响部分房屋已出现倒损据云南省地震局监测预报处处长吴国华介绍当天四川地震震中距离云南昆明大约有公里距离滇东北与四川交界最近处有公里左右这次地震对昭通影响较大昆明的市民普遍有震感但没有太多影响记者在昭通市现场感觉到震感很强烈持续时间有几分钟记者了解到到当日时许昭通市尚未有人员伤亡报告据昭通市地震局局长徐家金介绍昭通震感非常强烈当时有的房屋左右晃动公园水池里的水被震荡起来有几分钟电话全部中断还有一些老房子已经垮了目前当地地震部门正在进行震情收集,地震
山西感到地震后很多人跑到户外空旷地带年月日新华网太原月日电记者滕军伟日时分左右太原市有明显震感市民纷纷跑到街上目前当地社会秩序已经恢复正常据记者电话向有关部门了解山西省临汾市运城市等地区也有明显震感太原市民能明显感到桌子家具剧烈晃动尤其是高层建筑晃动比较明显很多人跑到户外空旷地带据迎泽大街一家银行的工作人员介绍地震发生时人在地上有点站不稳许多人都跑到了大街上躲避据记者打电话给其他地市的亲友了解运城临汾等市也有明显震感群众情绪较为稳定,地震
新疆地震造成万余人受灾经济损失上千万天山网讯通讯员王金虎报道年月日时分秒我区和田地区于田县北纬东经发生级地震震源位于于田县与策勒县交界山区的阿羌乡普鲁村新疆维吾尔自治区党委副书记自治区主席努尔白克力对此次地震灾情和相关救灾工作做出重要批示要求各有关部门全力做好抗震救灾工作国家减灾中心民政部救灾司已对新疆地震灾区启动灾害四级响应并派救灾工作组赴灾区指导救灾工作灾情发生后和田地委行署高度重视立即启动救灾应急预案地委行署领导亲临灾区组织人员全力查灾救灾自治区民政厅已派出救灾工作组前往灾区经初步核查地震造成受灾人口户人倒塌房屋户间损坏房屋间倒塌畜棚个倒塌蔬菜大棚座直接经济损失万元于田县城南部公里阿羌乡普鲁村截止日点分普鲁村受灾人口户人倒塌房屋户间间房屋受到不同程度的损坏直接经济损失达万元策勒县山区四乡受灾户人倒塌房屋户间损坏房屋间倒塌畜棚个倒塌蔬菜大棚座直接经济损失万元洛浦县受灾户人损坏房屋间倒塌畜棚间直接经济损失万元据了解和田地区策勒县共有乡镇万人其中靠近于田震区有个山区乡个村共余人距离震区最近的博斯坦乡有人于田县共有个乡个镇个村共万人其中距离震区最近的阿羌乡有个村共人,地震
新西兰东北部海域发生级地震新华网惠灵顿月日电记者黄兴伟据美国地质勘探局地震信息网消息新西兰东北部海域日发生级地震地震未造成人员伤亡或财产损失地震发生在新西兰当地时间日晚时分北京时间时分震中位于新西兰莱斯佩朗斯礁东南方向公里处海域即新西兰北岛北部海滨城镇瓦卡塔尼东北公里处海域震源深度为公里位于夏威夷的太平洋海啸预警中心没有发布海啸警报,地震
月日时分辽宁省海城市发生级地震年月日据国家地震台网测定北京时间年月日时分在辽宁省海城市北纬度东经度发生级地震震源深度约公里震中距海城市区公里距鞍山市区公里距沈阳市区公里详细情况正在统计中,地震
日本福岛近海发生级地震不会引发海啸年月日中新网月日电据日本新闻网报道当地时间日时分左右日本福岛县近海发生级地震日本气象厅的地震速报称震源深公里最大震级为级受此地震影响福岛县部分地区的震级为级宫城县的震级为级本次地震不会引发海啸当地时间日凌晨点分左右日本福岛县近海曾发生级地震地震震源深公里受地震影响福岛县相马市和新地町的震级为级,地震
印度级强震数百人伤亡西藏亚东死伤年月日据印度媒体日报道印度北部锡金邦日时分北京时间时分发生里氏级地震震源深度约公里截至北京时间日晚些时候目前造成包括印度尼泊尔在内至少人死亡多人受伤伤亡数字还会增加报道说我国西藏自治区个县受影响其中亚东县受波及严重目前已有人死亡人受伤我国西藏自治区已经启动地震应急预案二级响应国家减灾委民政部于月日时分紧急启动国家四级救灾应急响应派出工作组赴灾区协助开展救灾工作据印度媒体报道锡金邦首府甘托克周边地区发生山体滑坡房屋倒塌已造成包括印度尼泊尔在内人死亡至少人受伤由于断电甘托克陷入一片黑暗手机信号和网络中断地震发生后又接连发生两次强烈余震,地震
智利级地震引发米高海啸多国发布预警中新网月日电据美国地质勘探局网站消息北京时间月日时分秒南美多国发布海啸预警当局下令沿海地区紧急疏散据报道地震还造成南美国家玻利维亚和秘鲁部分地区建筑摇晃经测量此次地震引发的海啸约有米高此次震中位于智利北部城市伊基克西北方向公里距离智利北部海岸公里地震发生时为智利当地时间晚间时分位于夏威夷的太平洋海啸预警中心发出警告智利秘鲁和厄瓜多尔已经发布海啸预警地震还造成南美国家玻利维亚和秘鲁部分地区建筑摇晃经测量此次地震引发的海啸约有米高智利应急办公室称预计一个大的海啸将在当地时间午夜前到达位于南太平洋上的胡安费尔南德斯岛该岛距离智利本土大约有公里报道指出智利是世界上地震最为多发的国家之一此前有预测称智利北部可能发生大地震年月智利中部和南部遭级强震袭击随后引发的海啸摧毁了许多城镇共造成超过人死亡及约亿美元的损失,地震
印尼地震将大批房屋夷为平地太平间被尸体淹没中新网月日电据美联社报道日早晨发生在印尼中爪哇省日惹市附近的里氏级强震已造成至少人死亡数百人受伤大批房屋被夷为平地距离震中最近的穆罕默迪亚医院官员库斯马万托在接受采访时说请告诉中央政府赶紧提供援助我们这里需要帮助有大量人员伤亡房屋被夷为平地许多人需要疏散贝斯西达医院管理太平间的工作人员苏班迪则说我们已经被尸体淹没章田,地震
斐济附近海域发生级地震新华社苏瓦月日电记者刘鹏据美国地质勘探局消息南太平洋岛国斐济附近海域当地时间日下午发生级地震目前尚无人员伤亡和财产损失报告美国地质勘探局地震监测网数据显示这次地震发生在当地时间日时分北京时间时分震中位于斐济首都苏瓦以南公里处海域震源深度公里太平洋海啸预警中心没有针对这次地震发布海啸预警斐济位于环太平洋火山地震带因地壳板块相互碰撞地震频发,地震
新疆察布查尔锡伯自治县级地震末有人员伤亡年月日据国家地震台网测定北京时间年月日时分在新疆维吾尔自治区伊犁哈萨克自治州察布查尔锡伯自治县北纬度东经度发生级地震震源深度约公里新疆察布查尔县级地震未接到人员伤亡报告新华社乌鲁木齐月日电记者曹志恒今天上午新疆察布查尔县级地震发生后当地党政部门已组织救援队赶赴震中目前尚未接到人员伤亡报告据当地政府介绍震中在琼博乐乡小博乐村距县城还有公里当地党政部门负责人和医疗公安民政等部门组成的救援队正在赶赴震中路中详细灾情还在进一步统计中察布查尔锡伯自治县是我国唯一一个锡伯族自治县面积平方公里地处新疆北部天山支脉乌孙山以北伊犁河以南的河谷盆地距乌鲁木齐公里新疆察布查尔县级地震末造成人员伤亡新华社乌鲁木齐月日电记者曹志恒月日时分新疆察布查尔锡伯自治县发生里氏级地震伊犁河谷地区伊宁市昭苏县和博尔塔拉蒙古自治州部分市县震感强烈地震灾害发生后伊犁州党委人民政府高度重视立即派察布查尔县委书记李永兴及州地震局领导率民政卫生公安等部门赶赴震区了解地震受灾情况开展抗震救灾工作据初步统计察布查尔昭苏两县除部分居民房屋因地震发生墙体裂缝外尚未接到人员牲畜伤亡及房屋倒塌的情况报告,地震
内蒙古人们感到地震后纷纷咨询地震情况年月日新华网呼和浩特月日电时分左右内蒙古自治区一些地区均感觉到较强烈震感一些群众纷纷向当地地震部门咨询情况当时正是呼和浩特市各单位刚刚上班之时许多单位工作人员感觉桌椅晃动看到灯管来回摆动赶紧从办公室跑到楼下随后一些市民赶紧向新闻媒体的朋友了解地震情况还有一部分市民直接拨打内蒙古自治区地震局值班电话使得地震部门值班人员应接不暇时分左右记者现场看到一些事业机关工作人员都站在院内通过手机向亲戚朋友询问是否感觉地震一些商店工作人员纷纷跑到店外大家议论到底哪里发生了地震记者电话采访获悉除呼和浩特内蒙古包头鄂尔多斯等地群众也感觉到较强烈震感,地震
昆明震感强烈许多市民冒雨走上街头年月日中新社昆明八月三十日电记者甘娜刘子倩八月三十日十六时三十分许四川省攀枝花市仁和区四川省凉山彝族自治州会理县交界处发生六点一级地震昆明有强烈震感记者致电云南省地震局相关负责人该负责人表示关于地震的相关情况及数据收集正在统计中此次地震昆明震感强烈许多市民冒雨走上街头通讯短暂中断现已恢复正常完,地震
四川汶川地震致重庆名学生死亡多人受伤年月日新华社重庆月日电记者从重庆市有关部门了解到日下午重庆多数地区有明显震感梁平县两所小学垮塌名学生死亡截至目前收到的情况重庆梁平县礼让镇中心小学顶楼发生垮塌多名学生受伤其中人重伤梁平县文化镇小学教学楼发生垮塌多名学生受伤名学生死亡部分学生被掩埋有关情况将随时续报梁平县出现震感后县委书记张道华县长李志雄立即指示相关部门和各乡镇收集震灾情况县委书记张道华带领相关部门负责人实地察看指挥抢险救灾县长李志雄负责统一调度指挥公安消防医院车已赶往现场施救记者还了解到日时分左右酉阳县县城以及龙潭酉酬大溪丁市后坪等乡镇普遍感受到微震房屋轻微震动目前无人员伤亡和财产损失情况情况发生后广大群众纷纷从房屋里跑到广场户外空地等地方暂辟目前全县生产生活正常水电气供应正常日时分左右云阳县出现轻微地动县城内居民明显感觉楼房晃动持续时间五分钟左右震感出现后造成联通移动小灵通手机信号中断居民大多聚集到广场街道等空旷地带观望截至目前没有接到人员伤亡及财产损失报告大多数居民已经消除恐惧回到家中对此云阳县委县政府高度重视要求相关部门密切关注事态发展受灾情况等正在收集中,地震
哥斯达黎加地震造成人死亡人失踪年月日新华社圣何塞月日电记者张源培哥斯达黎加红十字会日向新华社证实截至当日下午时日发生的地震已经造成人死亡人受伤另有人失踪根据哥红十字会的最新统计地震造成至少人直接受灾其中人无家可归哥斯达黎加国家紧急情况委员会和红十字会目前正在震中附近区域展开救援并且出动了架直升机前往灾区救助被困民众哥斯达黎加首都圣何塞附近日发生里氏级地震圣何塞市震感明显截至日上午时该地区又发生了近次余震,地震
贵阳有强烈震感通讯半瘫痪交通秩序正常年月日人民网记者孙海涛报道贵阳市区有强烈震感层楼上有明显感觉层以上楼内吊灯大幅度甩动鱼缸内水被晃出人们纷纷躲到空旷地带通讯陷入半瘫痪楼内单位已大部下班学校已放学但交通等城市秩序正常,地震
至时地震已造成川甘渝滇等地人死亡人受伤年月日新华网快讯民政部说截至时统计四川省汶川县级地震已造成四川甘肃重庆云南等地人死亡人受伤目前灾情还在进一步统计核实中,地震
智利北部海域发生级地震年月日新华网圣地亚哥月日电记者冷彤李丹智利北部城市伊基克市西南部日晚发生级地震目前尚无人员伤亡和财产损失的报告智利大学地震服务局发布消息说地震发生在智利当地时间日时分北京时间日时分震中位于第一大区塔拉帕卡首府伊基克市西南公里处的海域震源深度公里第二大区安托法加斯塔和第十五大区阿里卡和帕里纳科塔也有较强震感美国地质勘探局将此次地震的级别定为级智利国家紧急事务办公室表示目前尚未收到这次地震造成人员伤亡或者财产损失的报告智利海军水文和海洋局紧急事务办公室也排除了地震会引发海啸的可能性本月日智利北部地区发生级地震造成人死亡逾万所房屋不同程度受损一些城市断水断电公路遭到破坏近万居民被迫疏散自日以来智利北部地区余震不断平均每分钟就发生一次余震平均震级超过级日晚伊基克等北部城市在一个小时内分别发生级和级地震当地紧急事务部门立即发出海啸警报并向安全地区疏散了约万居民继日发生的级余震后北部地区日再次发生相同级别的余震,地震
印尼许多城市都有震感北部沿海地区也有震感年月日中新网月日电据日本读卖新闻报道印度尼西亚爪哇省日惹周边地区当地时间日上午时左右发生里氏级强烈地震据悉由于地震发生在人口密集地区目前死亡人数已经突破人受伤人数也已经超过数百据印尼当地媒体报道在印尼许多城市都能感觉到震动甚至于印尼北部沿海地区都有震感受灾严重的爪哇岛中部许多房屋建筑倒塌当地两个大型综合商业设施也已经在地震中倒塌此外印尼日惹机场也在地震中受到严重破坏机场塔台受损机场现已关闭航空救援因此难以顺利展开另据日本驻印尼雅加达大使馆报道地震发生时有名日本人停留在日惹目前还没有收到有日本人在地震中遇难的消息章田雅龙,地震
四川汶川县发生级地震西安城区有强烈震感年月日西部网讯日下午时分左右一场突如其来的地震给西安市民造成了不小的惊慌不少市民纷纷离开建筑西部网记者在地震发生后第一时间赶到陕西省地震局了解情况据陕西省地震局介绍根据国家地震台网的测定此次影响西安和陕西大部分地区的有感地震发生于北京时间年月日下午点分震中位于北纬度东经度大致位于四川省汶川县境内四川全境及陕西甘肃湖北等周边省区也有明显震感我省汉中地区由于距震中较近可能造成一定损失对西安及周遍地区影响不大由于通讯系统受到很大影响详细情况仍在了解中记者在西安市区看到高大建筑下和道路边都聚满了刚从建筑物中疏散出来的群众各建筑工地已经停止施工市内有线和无线通讯网络受到很大影响手机和固定电话都很难拨通不过由于红绿灯等交通指挥系统仍保持正常运做市区主要道路虽然车流量较大交通秩序仍基本正常公交系统也在正常运行此外地震还在南郊八里村引发一起火灾由于消防队及时赶到火势很快得到控制截止到记者发稿时西安市容市貌没有受到破坏群众情绪基本稳定,地震
南太平洋新喀里多尼亚发生级地震年月日新华社惠灵顿月日电记者刘洁秋据美国地质勘探局报告位于南太平洋的新喀里多尼亚附近海域日发生里氏级地震目前尚未有人员伤亡或财产损失的报告当天的地震发生在北京时间时分震中在洛亚蒂群岛附近震源深度约公里位于夏威夷的太平洋海啸预警中心没有发布海啸警报新喀里多尼亚位于南太平洋面积平方公里由新喀里多尼亚岛洛亚蒂群岛和无人居住的切斯特菲尔德群岛组成新喀里多尼亚是法国的海外属地,地震
浙江杭州高楼震感明显不会造成进一步影响年月日人民网杭州年月日电今天时分左右杭州市许多市民感觉到摇晃特别是层以上的高层建筑晃动感明显一些层以上高楼震感较强不少高层写字楼工作人员暂避室外空地地震对杭州的影响大约持续了分钟时间目前杭州市民群众生活工作秩序基本恢复正常浙江省地震局杭州市地震局表示受四川汶川地震影响浙江全省大部分地区震感明显高层建筑震感强烈但此次地震震中距离浙江多公里不会对浙江群众生活工作造成影响地震部门吁请市民不要恐慌据当地媒体报道下午时分左右许多市民拨打媒体咨询电话表示之前感受到明显的摇晃询问是否发生地震杭州日报一位记者说他们所在的楼也感觉到了摇晃很多同事表示头晕在没有风也没有开空调的情况下挂在天花板上的红灯笼较大幅度左右摇晃浙江省地震局介绍说由于高层楼房的自振周期长容易与长周期的地震波产生轻微共振四川省汶川县强地震的长周期地震波经过长时间长距离的搬运造成了高层楼房对地震波的反映浙江省地震局还在网站上公开辟谣说此前新浪搜狐等网站刊登浙江嘉兴等地发生级地震的消息纯属谣传本次地震的震中距离浙江多公里对浙江的影响仅仅是有轻微摇晃而已即使有余震也会非常轻微不会对群众的生活工作造成影响请广大群众尽可安心,地震
印尼爪哇省发生级地震已至少造成人死亡环球在线消息印度尼西亚官员月日表示爪哇省当天早些时候发生里氏级地震一些建筑倒塌并造成至少人死亡据美联社报道美国地质勘测机构称这次地震发生在凌晨点分左右震中位于日惹西南公里处医院方面称有人死亡还有数十名伤员被送往医院治疗而印尼警方则表示目前日惹的电力和通讯系统都已经瘫痪大宝,地震
贵州罗甸县发生级地震目前尚无人员伤亡报告年月日新华社贵阳月日电记者黄勇贵州省罗甸县日时分发生级地震截至时记者发稿时止罗甸县尚无接到人员伤亡和房屋倒塌的报告全县交通通讯正常罗甸县委书记沙先贵通过电话告诉记者时左右发生地震时县城震感比较明显地震发生后罗甸县委县政府召开全县应急会议启动地震应急预案安排公安武警消防警力在街道巡逻同时与全县个乡镇电话联系要求各地摸查受灾情况全县所有单位日晚安排人员小时值班并通过县电视台的滚动字幕将地震消息向全县如实通报公布相关应急值班电话沙先贵说经与个乡镇电话联系目前尚未接到有人员伤亡和房屋倒塌的情况报告贵州省地震局局长陈本金说此次地震震中位于罗甸县沫阳镇附近贵州省地震局已派人连夜赶赴罗甸罗甸县位于贵州南部是一个以布依族苗族为主的少数民族县南部与广西交界距贵阳约公里,地震
墨西哥强烈地震致栋房屋受损首都高楼晃动年月日中新网月日电据外电报道当地时间日中午点分北京时间日凌晨点分墨西哥南部发生里氏级地震造成震中附近的约栋房屋受损首都墨西哥城有明显震感市内高楼发生晃动在市民中引发恐慌据悉这是墨西哥自年以来发生的震级最高的地震之一此次震中位于南部瓦哈卡州附近地区震源深度公里震中首都墨西哥城多公里震区格雷罗州的官员称有约栋房屋受损栋房屋倒塌此后在震中地区又发生包括一次级地震在内的数次余震目前还没有人员死亡或严重伤情的报告格雷罗州州长已赶往震区检查受损情况并要求抢修队员和民防部门全力救灾该州并未说明被疏散的人数在首都墨西哥城正在上班的公司职员和居民纷纷逃出建筑到大街上躲避部分地区手机信号等电信通讯受到影响震区部分家庭电力中断墨西哥市长称已设立热线供人们报告损失情况墨西哥城机场一度关闭但官员称机场跑道没有受损并已恢复运行,地震
印尼中爪哇省地震造成重大伤亡年月日新华网雅加达月日电根据印尼红十字会公布的最新统计数字印度尼西亚中爪哇省日惹市附近日早晨发生的地震已造成至少人死亡约人受伤此次地震发生在当地时间早时分印尼地震监测机构测定的震级为里氏级震中位于中爪哇省日惹市以南约公里另据美国地震监测部门报告此次地震的震级为里氏级据中爪哇省一家国营医院的发言人努格罗霍说该医院目前已接收了名死者另外还有多人在医院接受治疗附近的几家医院也分别接收了数十名死者的尸体医院的工作人员说大部分伤亡者都是因房屋的局部或整体倒塌所致印尼红十字会说此次地震造成的死亡人数已达人而且这一数字可能将进一步增加在日惹南部地区当地电力系统已陷入瘫痪部分地区的电话联络中断日惹市的机场跑道也因地震被毁印尼总统苏西洛已下令军队协助地震灾区的居民尽快撤离印尼地处太平洋地震带每年发生的大小地震不下数千次年月日印尼苏门答腊岛附近海域发生里氏级地震引发了波及印度洋沿岸十几个国家的巨大海啸造成余万人死亡或失踪,地震
哥伦比亚东北部发生级地震根据美国地质勘探局地震信息网消息哥伦比亚东北部桑坦德省当地时间日时分北京时间日时分发生级地震首都波哥大中部城市麦德林等地均有震感目前尚无人员伤亡和财产损失的报道美国地质勘探局地震信息网数据显示此次地震震源深度为公里哥伦比亚媒体报道说地震震中位于桑坦德省洛斯桑托斯市附近桑坦德省省会城市布卡拉曼加震感强烈洛斯桑托斯市市长卡洛斯托拉在接受电台采访时说地震持续了秒左右很多市民跑到了街上目前哥伦比亚防灾部门已组织人员对相关地区震后情况展开调查,地震
四川汶川县级地震后发生三次余震年月日年月日时分秒在汶川县漩口和卧龙之间发生了级地震原震中处发生余震时分秒发生级余震时分秒发生级余震时分秒发生级余震州人民政府启动了地震应急预案全州防震减灾系统启动了地震应急预案截止点分的情况为震中区交通通讯中断阿坝州防震减灾局,地震
云南瑞丽地震人受伤紧急转移受灾群众人年月日新华社昆明月日电记者屈明光李怀岩日记者从云南瑞丽市抗震救灾指挥部了解到截至时瑞丽级地震已造成人受伤其中重伤人轻伤人暂无人员死亡报告日时分和时分位于中缅边境地区的云南省德宏傣族景颇族自治州瑞丽市先后发生级地震和级地震全市震感强烈记者从瑞丽市抗震救灾指挥部了解到全市共有户人受灾目前已紧急转移安置灾区群众户人据初步核查的情况此次地震损失较为严重的主要是民房学校以及党政机关企事业单位办公和居民住房地震共造成房屋倒塌户间重损户间中损户间轻损户间所中小学校受到不同程度的损坏卫生水利交通电力通信等基础设施也不同程度受到损坏目前瑞丽市民族医院等医疗卫生部门积极开展受伤人员救治各受伤人员已得到妥善医治民政部门在抓紧核查灾情的同时正在积极开展帐篷等救灾物资的调运发放工作日州市党委政府已安排专项应急经费万元用于抗震救灾工作,地震
云南盈江发生级地震新华网昆明月日电记者蔡祥荣云南省盈江县日早晨发生地震后云南省地震局立即派出名地震专家于当日时许从昆明出发赶赴盈江震区指挥救援北京时间月日时分云南省德宏傣族景颇族自治州盈江县发生级地震震中位于北纬度东经度,地震
重庆发生强烈震感学生慌忙逃出寝室楼图年月日年月日北京时间点分重庆市合川区发生强烈震感房子摇晃室内东西倾倒震感持续时间达分钟通讯全部中断西南大学育才学院众多学生正在午睡许多学生没穿衣服逃出寝室据相关人士介绍此震感类似与级地震,地震
智利地震再修正为里氏级海啸预警已被取消中新网月日电据美国地质勘探局网站消息北京时间月日时分智利北部近海发生里氏级地震随后震级被上调至级此后震级再被修正为级此前发布的海啸预警现已取消此次地震震源深度公里震中位于前一天地震影响最严重的伊基克市南部公里目前尚无人员伤亡报告此前太平洋海啸预警中心对智利和秘鲁发布海啸预警该预警现已取消当局此前下令智利北部沿岸居民撤离在稍早的北京时间时分智利海域已发生一次级地震震源深度公里震中距伊基克市公里北京时间月日时分智利西部海岸发生级地震地震迄今造成人死亡智利总统巴切莱特日宣布该国北部受到级地震影响的地区为灾区,地震
辽宁省海城市发生级地震尚无人员伤亡的报告年月日据国家地震台网测定北京时间年月日时分在辽宁省海城市北纬度东经度发生级地震震源深度约公里震中距海城市区公里距鞍山市区公里距沈阳市区公里详细情况正在了解中据国家地震台网测定北京时间年月日时分在辽宁省海城市发生级地震据了解海城地区震感明显营口鞍山辽阳盘锦本溪丹东沈阳大连部分地区有震感震后辽宁省地震局立即派出现场工作队赶赴震区开展现场工作目前尚无人员伤亡和破坏情况的报告,地震
国家地震局启动一级预案救援队已集结年月日新华网北京月日电中国地震局新闻发言人张宏卫日下午通报针对四川汶川地震中国地震局已启动一级预案一支人的救援队已经集结据国家地震台网测定日时分四川省汶川县温江西北公里北纬度东经度发生级地震中国地震局新闻发言人张宏卫说此次地震强度大波及面广最新测得的震级为级宁夏青海甘肃河南山西陕西山东云南湖南湖北上海重庆等省市均有震感张宏卫说中国地震局已启动一级预案一支的救援队伍已经集结准备开往灾区投入救援地震造成的人员财产损失正在进一步统计中,地震
川西发生地震成都震感强烈年月日新华网成都月日电日时分川西汶川发生地震成都震感强烈记者看到成都市许多办公楼的饮水机倒塌文件柜电视机均剧烈摇晃有的倒地书籍文件撒满一地人们纷纷冲下办公大楼手机信号部分中断位于成都南二环外的火车南站立交桥下地下水管破裂巨大的水流将长寿路街道淹没目前还无抢救的车辆到位在新华社四川分社附近的嘉云台大楼出现一道明显的墙裂缝楼层外观局部出现变形地震发生后新华社记者已在第一时间赶往四川地震部门和震区将及时报道灾区情况,地震
智利地震后再发场余震次震级为级以上中新网月日电据美国国家地震勘探局网站消息智利日发生级强烈地震后余震不断继日上午点分发生级余震后又发生次余震其中次震级为级以上据悉智利北京时间日上午点分秒发生级地震此后又于北京时间点分秒发生级余震震源深度分别为公里和公里两次地震震中分别位于前一天地震影响最严重的伊基克市西南部公里和公里此后智利又于北京时间上午点分秒发生级地震震源深度公里震中距离伊基克市西南部公里随后北京时间点分秒和点分秒智利又再次发生和级地震震源深度分别为公里和公里震中分别位于伊基克市西北部公里和西南部公里处北京时间点分秒智利发生级地震震源深度公里震中位于伊基克市西北部海域公里处北京时间月日时分智利西部海岸发生级地震地震迄今造成人死亡智利总统巴切莱特日宣布该国北部受到级地震影响的地区为灾区,地震
受四川地震影响重庆震动强烈通信中断年月日人民网重庆月日电今日下午分左右重庆出现明显震动据中国国家地震台网测定北京时间年月日时分在四川汶川县北纬度东经度发生级地震位于重庆市渝中区上清寺牛角沱鑫隆达附近的建筑都出现了不同程度的震动震感明显正在上班的市民纷纷快速下楼撤离到地势空旷的地带市民惊魂未定通信信号陷入中断据悉与此同时重庆沙坪坝区高新区南岸区等地也都能感觉到震动,地震
四川攀枝花与凉山会理县交界发生级地震年月日新华网北京月日电据中国国家地震台网测定北京时间年月日时分在四川省攀枝花市仁和区凉山彝族自治州会理县交界处北纬度东经度发生级地震震中位于攀枝花市区东南约公里震源深度公里,地震
上海高层建筑普遍有震感但不会造成危害年月日新华网上海月日电上海市政府新闻办日时分发布消息称据上海市地震局刚刚提供的消息我国地震台网测定月日时分在四川汶川县发生强烈地震上海高层建筑普遍有感但不会对上海造成危害,地震
尼加拉瓜太平洋海域发生级地震新华网马那瓜月日电记者刘璇许雷尼加拉瓜地震监测局日宣布该国西南部太平洋海域当天发生级强烈地震目前人员伤亡和财产损失情况不详尼地震监测局数据显示地震发生在当地时间时分北京时间日凌晨时分震中位于尼加拉瓜奇南德加省西南部太平洋海域距首都马那瓜约公里震源深度公里马那瓜马萨亚莱昂等该国多个主要城市均有强烈震感本次地震及余震引发市民恐慌人们纷纷从房屋商场里逃向室外多个地区通讯线路出现中断地震发生后一小时尼总统府发言人穆里略宣布在该国太平洋沿岸启动海啸预警地震监测局专家称本次地震是太平洋板块和加勒比板块相互碰撞产生的尼加拉瓜位于中美洲中部西邻太平洋东濒加勒比海属于地震频发国家每年监测到大小地震数百次年马那瓜曾发生级地震致万余人伤亡市区的建筑被毁地表严重扭曲下沉,地震
四川成都余震已有四十四次市民均不愿回家年月日中新社成都五月十二日电记者从四川省地震局获悉成都市迄今发生余震四十四次最大震级五点零级市区主要街道没有看到房屋倒塌现象但市民均不愿回家四川省阿坝州汶川县境内发生七点八级地震震区因通讯中断仍然没有受灾情况消息绵阳市三台县因水塔倒塌一人死亡安县也有人员受伤成都移动已开展通讯维修工作有关详情正在进一步调查了解之中四川省省长蒋巨峰已召集省地震局省军区省武警总队等单位召开了紧急工作会议安排部署了抗震救灾相关工作并安排成都空军派遣直升机前往震区调查了解震情灾情省地震局于十二日十五时十五分召开了新闻发布会及时将此次地震的震情灾情向新闻媒体作了通报目前四川省地震局正抓紧组织震后趋势会商工作,地震
重庆市区有明显震感电线杆在摇晃年月日月日重庆市区也感受到明显地震记者在街头看到电线杆在摇晃南开中学附近楼房发生轻微摇晃千余市民走上街头在龙湖花园一带政府机关工作人员都走出来站在街边一些居民家里的家具倒下但路面交通正常,地震
青海发生级地震震区人口密度低尚无人员伤亡年月日新华社西宁月日电记者马勇侯德强据青海省地震台网测定月日时分青海省海西蒙古族藏族自治州大柴旦地区发生级地震西宁市格尔木市等地有震感格尔木市委有关负责人罗正刚告诉记者格尔木市区有明显震感市民纷纷跑出建筑物避险青海省地震局工作人员介绍此次震中坐标为北纬度东经度位于大柴旦东南方向震源深度约公里目前尚未接到人员伤亡和其他损失报告地震造成的损失正在调查中,地震
云南西双版纳发生级地震暂无人员伤亡年月日中新网昆明月日电余雪彬云南省西双版纳傣族自治州委宣传部证实日时分该州景洪市北纬度东经度发生级地震震源深度千米西双版纳州委宣传部副部长段金华说震中地点位于景洪市东北公里的普文镇震区震感强烈目前暂无人员伤亡和财产损失报告普文镇地处景洪市最北部距景洪公里距普洱公里距昆明市公里国道线昆曼国际大通道横穿坝子是内地进入西双版纳的第一门户重镇素有版纳北大门之称西双版纳位于地中海喜马拉雅地震带边陲以往发生地震震级一般不高于级,地震
受四川汶川强烈地震影响甘肃庆阳出现明显震感年月日记者从甘肃省地震局获悉受四川汶川强烈地震影响甘肃中东部地区普遍有感庆阳市宁县中村乡一位农民说震感很强烈放在院子里的一桶水受地面摇动影响桶水泼洒了一半群众纷纷离家在空旷处躲避西峰区也有强烈震感很多群众离家到大街上躲避甘肃省地震局正在抓紧了解与四川接壤的甘肃陇南等地的情况,地震
四川攀枝花级地震已造成人死亡人受伤中国网月日报道记者从中国地震局获悉截至月日时发生在四川攀枝花仁和区和凉山州会理县交界处的级地震已造成人死亡北京时间年月日时分在四川省攀枝花市仁和区与凉山彝族自治州会理县交界地区北纬度东经度发生里氏级地震四川省攀枝花市凉山州云南省楚雄州昆明市等地有强烈震感截至月日时地震已造成人死亡其中四川人云南人人失踪人受伤其中四川人云南人四川省凉山彝族自治州会理县死亡人失踪人攀枝花市死亡人东区人西区人仁和区人米易县人云南省楚雄彝族自治州元谋县和永仁县分别死亡人和人经初步调查地震主要造成四川省攀枝花市东区西区仁和区米易县盐边县和凉山彝族自治州会理县等个县区个乡镇云南省楚雄彝族自治州元谋县永仁县武定县等个县个乡镇受灾灾区总人口约万极灾区烈度达到度其中度面积约平方公里度区面积约平方公里度区面积约平方公里灾区总面积约平方公里另外楚雄州大姚县牟定县昆明市禄劝县和丽江市华坪县等地区遭受到一定破坏本文来源中国网作者陈维松,地震
成都网友称震感强烈女同事当即哭泣年月日月日时分四川发生级地震时分新民网记者网上连线成都网友姚先生姚先生当时正在成都市武侯区的办公室打电话突然感觉电脑显示器晃得很厉害便丢下电话抓起手机和钱包往外跑手里还拿着无绳电话子机准备给远在江苏的家人打电话姚先生说坐在他旁边的女同事立刻感觉是在地震一下子哭了起来据姚先生介绍成都市很多钢结构的房屋都有明显震感当他和很多市民一样疏散到室外时随即发现手机信号已经中断据称基站坏了疏散出来的人群中大家都在谈论唐山大地震姚先生向新民网记者称据一些成都市民说成都的伊藤洋华堂武侯店倒塌,地震
新疆哈密级地震尚无人员伤亡财产损失报告年月日中新网乌鲁木齐月日电记者朱景朝中国地震台网测定月日时分新疆哈密地区哈密市发生级地震震中位于北纬度东经度震源深度公里目前尚无人员伤亡和财产损失报告据了解震中距哈密市约公里距伊吾县约公里地震发生后哈密市地震局和巴里坤地震台派出工作人员先期到达了解灾情日新疆地震局震害防御处处长王坚告诉记者当日时分许接到哈密巴里坤两地地震局台工作人员电话报告称他们赶到离震中约公里的地方那里有伊吾县的几个自然村房屋连裂缝都没有当时村民感到了震感跑出去后看到山前石头滚落伊吾县政府负责人表示该县抗震安居房覆盖率达到了经勘查离震中最近的水库也没发现任何问题王坚说震中位于山区海拔约米人烟稀少日地震局工作人员将继续在距震中较近的自然村核查有无灾情哈密是汉代张骞第一次出使西域开通丝绸之路的要塞是新疆维吾尔自治区的东大门以盛产哈密瓜闻名于世,地震
俄罗斯地震死亡人数升至人年月日新华社莫斯科月日电记者高帆俄罗斯南方个地区日发生的地震已造成人死亡俄塔社援引车臣共和国卫生部长阿赫玛托夫的话报道说地震目前已造成该共和国人死亡当地医院已接收伤员人俄罗斯紧急情况部车臣分部提供的数据显示地震还造成该地区部分医院超市及民房倒塌山区多条道路损毁严重位于俄南部的达吉斯坦车臣印古什北奥塞梯共和国及斯塔夫罗波尔边疆区当日均发生不同程度地震震中位于车臣共和国目前救援工作正在紧张进行中,地震
甘肃天祝发生级地震青海门源震感强烈年月日中新网西宁月日电记者刚刚从青海省地震局获悉甘肃省天祝县发生级地震后青海省海北州门源县朱固乡震感强烈月日时分在甘肃省武威市天祝藏族自治县北纬度东经度发生级地震震源深度千米记者从青海省政府应急办了解到截至目前尚未收到关于门源县人员伤亡和财产损失的报告,地震
河南渑池级地震煤矿巷道被损人遇难月日时分我省渑池县果园乡附近发生级地震分钟后义煤集团公司千秋煤矿突发冲击地压造成米米处巷道瞬间被损正在该段修理巷道的名矿工被困井下冲击地压发生后义煤集团公司迅速成立了抢险救灾领导小组紧急启动应急救援预案实施抢险救援河南省委省政府高度重视省委书记徐光春代省长郭庚茂分别作出重要批示要求组织力量全力抢救被困人员千方百计减少损失副省长史济春国家煤矿安全监察局省国资委省煤炭工业管理局省煤矿安全监察局和三门峡市的领导连夜赶赴现场指导救援工作并到医院看望正在接受治疗的获救矿工截至月日时名被困矿工中人死亡人获救获救矿工正在医院接受治疗没有生命危险据专家初步分析此次冲击地压系地震诱发所致另据介绍冲击地压目前系世界性难题尚无法预测和有效解决另据了解千秋煤矿系多年的安全生产先进单位投产年来从未发生类似的人员伤亡事故,地震
西藏班戈县级地震发生在无人区影响有限中新社拉萨六月三十日电记者柳俊武记者今日上午从西藏自治区地震局了解到二十九日晚发生在西藏班戈县的五点五级地震震区基本属无人区地震影响有限此前西藏地震局已经对包括该县在内的藏北四县学校企业等抗震设防情况进行了初步了解并提出了相关建议据中国国家地震台网测定北京时间六月二十九日二十时四十七分在西藏班戈县发生五点五级地震震中距班戈县城约三百七十公里据西藏地震局办公室一负责官员介绍此次震区属于西藏地震多发带平均海拔约五千米人烟稀少他们向邻近的双湖区县级建制了解情况当地几乎没有震感五月中旬西藏地震局由局长率调查组已对包括该县在内的藏北四县的学校医院部分企业完成抗震设防调查并向自治区提交了一份相关建议报告据悉目前西藏已拟在全区开展学校抗震设防调查同时向边远地区救援队伍增加配备救援设备完,地震
威海地震威海地震最新消息年月日据山东省地震台网测定月日时分我省乳山市发生级地震烟台市牟平区栖霞市震感强烈截止时分没有接到人员伤亡和房屋倒塌的报告地震专家会商认为本次地震为正常地震活动事件月日时分乳山市东经度北纬度发生级地震威海乳山市烟台市牟平区栖霞市震感强烈荣成等有震感大众网记者从山东省地震局了解到震后山东省地震局立即启动地震应急预案召开紧急地震会商会分析研判震情趋势同时派出了副局长林金狮带领的人现场工作队第一时间赶赴震区开展灾害调查流动地震监测应急宣传等工作威海烟台青岛市也派出现场工作队赶赴震区开展流动地震监测工作,地震
水暖器材店失火消防官兵救出人来源城市晚报长春城市晚报四平讯月日早位于四平市铁东区南一纬与南二纬路之间南八经街的一家水暖器材商店发生火灾消防官兵到达现场后很快将火扑灭成功救出四名被困人员火灾发生在当日早指挥中心接警时间是点分失火的是梓祥水暖器材商店位置在铁东区富仁缘小区七号楼门市房火是从一楼着起的有四个人被困在二楼其中有一个三四岁的小女孩记者赶到现场时明火已被消防官兵扑灭一位消防战士正在用专业器具破拆二楼窗户上的防盗网防盗网被拆开后消防战士进入屋内首先将小女孩救出随后一对老年夫妇和一名中年男子从消防二节拉梯上逃了出来据那名老年妇女讲火灾是由于她家人早上做饭时使用液化石油气罐不慎造成的若不是消防队员们来得快后果可就不敢想了记者高德臣报道,火灾
家里的浴霸着火了幸好浴室里没有人今天上午点分租住在市区接官亭小区的蔡女士正准备出门上班突然家中浴室飘出阵阵浓烟这可把她吓了一跳推门一瞧原来是浴霸着火了,火灾
南京兴隆大街发生火灾现场有爆炸声年月日现代快报快讯南京兴隆大街现场有爆炸声现代快报马晶晶在现场听到前后三声爆炸火还在烧兴隆大街一小作坊发生火灾虽然救火队来了很多但是由于堵塞加上消防通道缺失使得火势一直难得到有效控制里面隐隐还有鞭炮声不断传出时分建邺区兴隆大街号一民房失火消防部门接警后立即调集兴隆特一汉中门共个消防中队赶赴现场失火建筑为大跨度单层厂房结构总面积约平方米内部分割成多个隔断房间用于居住或储存物品目前现场明火已基本扑灭消防官兵正在进一步清理暂无人员伤亡,火灾
草垛夜间连连失火消防小时扑救起来源内蒙古晨报本报讯月日晚上点至月日凌晨点鄂尔多斯市达拉特旗树林召镇国道公里周边村庄一村民家蔬菜大棚突发大火家村民家草垛起火情况紧急请求扑救消防指挥员在前往火灾现场的途中电话指导报警人组织村民先对火势进行有效控制抵达火灾现场后只见现场周边浓烟滚滚一片火海了解情况后指挥员立即指挥消防官兵进行扑救点半左右达旗新能能源企业消防队派出辆消防车到场增援经过全体人员连续小时的奋战月日凌晨点起火灾被成功扑救,火灾
象州一超市突发大火火魔吞噬余万元商品年月日广西新闻网象州讯月日清晨象州县城建新路与朝阳路交叉路口的一超市突发大火象州县消防公安交警武警中队等部门近百余人赶赴现场经过个多小时的奋力扑救最终将大火扑灭火灾过火面积约平方米价值余万元的商品被大火吞噬所幸无人员伤亡当日清晨时分象州县消防大队接到象州县公安局指挥中心报警调度后迅速出动名消防官兵辆消防车赶赴现场到达现场后发现超市内部一片火海凶猛的大火开始向超市周围的民房和店铺蔓延一组消防官兵迅速出两支水枪进行灭火另一组消防官兵则协同在场的民警在超市东南两面设立警戒线禁止围观群众进入或靠近同时消防官兵与公安局民警组成个疏散小组共同对超市毗邻居民房和店铺内的群众进行疏散上午时分许经过紧张救援该超市火势得到压制消防官兵慢慢深入超市内部灭火彻底消灭余火时分许超市火灾被成功扑灭造成火灾事故的原因还在进一步调查中,火灾
瑞典一家仓库起火鲱鱼罐头变炸弹射入民宅中新网月日电据外媒报道近日瑞典东海岸一所仓库突发大火导致仓库内的鲱鱼罐头发生爆炸并被炸飞出仓库数百米报道称起火时仓库内有四名管理员正在休息在发现火情后迅速逃离了现场所幸没有受到任何伤害,火灾
暴雨天东莞一纸厂起火火灾或因雷电引起年月日本报东莞讯记者陈臣吴城华昨日时许东莞万江新村卢屋工业区的一家纸品厂突发大火过火面积余平方米浓烟周围十余公里外都能见到由于仓库纸品堆积较多加上风势助燃消防部门前后出动了辆消防车共派出名指战员驰援最终于上午时许将火情控制所幸大火没有造成人员伤亡昨日上午时许记者接报赶往现场在南城与万江的交界处已能看见十余公里外的滚滚浓烟点不到我就听到报警器不停地响一开始还以为是有贼偷车起来一看才知道原来纸厂起火了起火纸品厂附近居民徐先生说当时浓烟像云雾一样把周围的天空都笼罩了记者向现场消防人员了解得知大火大概发生于早晨点多钟虽然不时下雨但仓库内纸品堆放较多加上大风的天气使得火势加大很难彻底扑灭加上顶部铁架随时有坍塌的危险所以一时不敢靠得太近这些因素也给灭火工作带来了很大的麻烦一名消防人员告诉记者时分许隐约还能看见仓库内有明火燃烧不时发出噼噼啪啪声至于大火发生的原因现场一位指挥灭火工作的相关负责人称可能是雷电击坏了电表或其他设备进而引发大火具体原因还有待调查同时记者也了解到起火点为一纸品厂的仓库平时堆放着该厂的一些半成品和回收的废旧纸张等除了看管该仓库的工作人员外并无其他员工在此居住或工作因此大火幸未造成人员伤亡不过直至昨日下午时许记者离开起火现场时大火才基本熄灭,火灾
云南大理森林火灾明火扑灭过火面积约亩新华网昆明月日电记者吉哲鹏记者从云南省大理市委宣传部获悉经过名专业扑火队员个小时的奋力扑救发生在大理市下关镇温泉村委会南面山坡的森林火灾明火已于日时分全部扑灭现已转入余火清理阶段森防部门也调派直升机参加余火清理日时分大理市下关镇温泉村委会南面山坡发生森林火灾经大理市森林公安局初步调查起火原因为村民烧杂草引发初步统计过火面积约亩案件正进一步调查中,火灾
香格里拉大火事件年月日凌晨时分位于云南迪庆藏族自治州州府香格里拉县的独克宗古城发生大火起火原因已经查明为客栈管理者用火不慎引起火灾截至年月日时分古城内明火已经被扑灭消防官兵还在搜寻是否有人员被困据初步统计火灾烧毁房屋多栋初步测算已造成经济损失达亿多元人民币,火灾
北京西单购物中心发生火灾未有人员伤亡年月日中新社北京六月十四日电记者杜燕北京市西单购物中心十四日凌晨发生火灾所幸未有人员伤亡火灾发生于十四日凌晨一时四十五分左右过火面积约一百一十平方米北京市一一九消防指挥中心接到报警后立即调派九个中队的四十部消防车共二百六十名官兵赶赴现场实施紧急扑救凌晨二时四十五分左右明火被全部扑灭据了解造成西单购物中心一楼部分商铺被毁最先冒烟起火的是位于中心一层西侧的育青食品消防部门赶赴现场后在第一时间对商场内七十九名值班工作人员进行了快速疏散十四日上午西单购物中心外围拉起警戒线并用绿色布围将整个购务中心一二层围起多处赫然贴上了印有内部装修暂停营业的字样而中心临街多个小商铺也都大门紧闭不过购物中心门前的西单北大街交通并未受到影响与之相邻的西单商场亦未受到影响照常营业,火灾
大火吞噬门面房太原新闻网讯昨日下午时许南内环桥西龙城五交化市场内一家销售三轮摩托车的门面房突然起火且有蔓延趋势因为起火点与旁边一电脑商场距离不到米为避免出现更大险情市消防支队紧急调集多个中队赶至现场经过半个多小时的扑救大火被扑灭事故并未造成人员伤亡晚上时分记者赶到时现场火势已经得以控制消防人员正在进行勘查失火的是龙城五交化市场内的一处专营三轮摩托车的门面房过火面积达平方米左右该门面房外的大块有机玻璃窗全部破裂散落在地上房内用于吊顶的板材燃烧殆尽房内整排罗列的三轮摩托车此时只剩骨架几乎全部报废现场一片狼藉充斥着大量胶皮气味记者看到与该门面房紧邻的是一家电脑商场火势并未殃及周围事发时间是时分左右当时我正在外面和客户谈生意扭头一看怎么店里突然蹿出了火苗赶快找来盆子接水扑救可赶不上火势蔓延的速度等接第二盆水的时候大火已经把整个店都吞了根本就进不了门据该店老板尚先生介绍事发时门面房内并没有人不知为何会突然起火据初步统计该店内辆崭新的三轮摩托车以及部分生活用品被烧毁损失估计在万元左右,火灾
南宁步行街起火十几间房子被烧百人安全疏散月日下午南宁市兴宁路步行街上的号三楼一民房突然起火火势迅速蔓延十几间房子被大火吞噬市民和店主等数百人被安全疏散消防民警和市政等部门的多人奋战一个半小时终于将大火扑灭火灾没有造成人员伤亡目前消防部门正在调查火灾原因和损失,火灾
兰州火灾事故年月日年月日兰州消防官兵在紧急处置泰生大厦顶部火灾当日时分许位于甘肃省兰州市张掖路的泰生大厦顶部发生火灾兰州消防共调集个中队台消防车近名消防官兵前往救火经过个小时的紧张扑救火灾于时分许扑灭据了解过火面积约平方米大火没有造成人员伤亡,火灾
广东一家庭作坊火灾致人窒息死亡年月日浙江在线新闻网站月日下午时分普宁市军埠镇一家庭作坊主要生产内衣发生火灾时分火势被扑灭截至发稿时现场解救出名群众人不同程度受伤送医院救治接报后揭阳市委市政府高度重视揭阳市委书记陈绿平迅速作出批示要求普宁市及有关部门全力组织搜救尽全力抢救伤员同时立刻指派揭阳市委常委常务副市长陈澄民揭阳副市长市公安局局长谢耀琪赶赴现场并成立事故处置小组负责事故处置工作揭阳市消防部门出动台消防车名消防员立即赶赴现场灭火普宁市党政主要负责同志第一时间赶赴现场全力组织灭火和人员救治工作目前相关善后工作正有序进行中,火灾
瑞安一停车场发生大火隔壁有油罐年月日温州网讯昨天凌晨瑞安市飞云镇南港村温州浙南汽车设备回收有限公司瑞安分公司停车场内突发火灾多辆废旧摩托车与废旧汽车被烧毁昨天下午温州浙南汽车设备回收有限公司瑞安分公司停车场工作人员正在核对烧毁的摩托车发动机编号记者注意到数百辆摩托已被烧得只剩下空架子现场一片狼藉该公司副经理张先生说停车场占地平方米有多辆废旧汽车与废旧摩托车火灾发生后多辆废旧摩托车与多辆废旧汽车被烧毁另外堆放在停车场内的吨塑料吨废旧车胎也被烧毁损失还在统计,火灾
四川绵阳化工厂发生火灾浓烟遮天蔽日年月日年月日四川德阳绵竹市新市镇的龙蟒集团一生产硫酸亚铁的车间发生火灾台消防车和多名官兵赶到现场救火经初步调查过火面积约平方米燃烧物质主要为管电缆橡胶皮带机电设备等物质据悉现场未发生爆炸也无人员伤亡起火原因和财产损失当地有关部门正在调查中,火灾
四平铁东区一店铺发生火灾人被困火海来源新文化网月日时分四平市公安消防支队特勤消防接到指挥中心调度命令位于铁东区南一纬七马路一家水暖件店铺发生火灾有人员被困接到报警后中队迅速出动辆水罐消防车辆器材消防车名指战员赶赴火灾现场经过分钟全力救援名被困人员被全部救出并转移到安全地带同时火势得到了有效控制经过分钟的奋力扑救大火被扑灭为确保安全指挥员根据现场情况对起火部位及其周围实施了冷却降温防止发生复燃时分在确保现场无复燃可能后中队官兵移交现场后收整器材归队,火灾
广州白云区大火一家六口死亡年月日年月日广州白云区发生火灾一栋层民宅的楼发生大火惠州来广州打工的一家口全部在火灾中不幸死亡只有家里的小花猫存活下来具体的起火原因还在进一步调查广州警方表示昨日凌晨时分接报称在三元里大道沙涌北村涌南街一巷号一栋层民宅的楼发生火灾时分明火被全部扑灭经初步核查现场人均因烟熏致死何某某男岁广东五华人卓某某女岁广东五华人及四名子女过火面积及起火原因正在进一步调查中事发后省委常委广州市委书记万庆良市长陈建华副市长谢晓丹和市有关部门负责人白云区主要领导及区公安应急安监等第一时间到场处置开展应急救援及善后工作,火灾
温岭鞋厂火灾人死亡年月日月日时分浙江温岭市城北街道杨家渭村台州大东鞋厂发生火灾经公安消防等部门全力扑救大火在时分被扑灭目前已经造成人死亡现场救出多名职工目前温岭市第一人民医院己收治名伤员其中人为呼吸道灼伤一人为骨折所有伤员情况稳定没有生命危险此外还有名获救人员仍在医院留院观察,火灾
手机充电器爆炸引发大火致死伤昨日凌晨发生在海珠区南村路一民居的一场大火导致家中两位老人死亡女主人跟小女儿受伤根据警方初步调查结果是电路短路导致手机充电器爆炸引发火灾昨日凌晨时分记者赶到南村路事故现场时大火已基本被消防员扑灭由于险情仍未最后排除大批受影响的居民不能回家站在路边观望起火的确切地址为南村路号房起火时间为凌晨时左右一名住在对面楼房楼的住户说我看到对面楼房冒出大量的黑烟一对母女站在阳台抓着防盗网大呼救命大院当晚值班看门的何先生称他最先发现房冒烟于是大声呼叫住户起床逃生并报警何先生说很快消防队员破门而入将房间中的两母女救出火海那家人我认识女人叫阿琼救下来时还能说话她说她的父母还在屋内接着她们被送去医院抢救时分险情基本排除民警与消防队员上门搜索证实两位老人已在大火中丧生,火灾
园湖路艺术学校舞台发生火灾年月日早上点分南宁消防接到报警称圆湖路艺术学校舞台发生火灾指挥中心一次性调派了特勤朝阳两个中队辆消防车名官兵赶赴现场处置校园君温馨提醒临近期末年底各大院校节庆活动较多在节目排练和道具选择上一定要注意防火安全,火灾
滨州一酒店突发火灾辆消防车救援灭火齐鲁网讯年月日下午滨州一正在装修的格林豪泰酒店发生火灾齐鲁电视台独家栏目组奔赴滨州进行火灾的现场报道到目前为止大火已经被扑灭在火灾后的新闻发布会上我们了解到此次火灾过火面积达平方米滨州消防支队共出动辆消防车多名消防官兵进行灭火疏散群众名救出被困人员名此次火灾并没有造成人员伤亡起火原因目前正在进一步调查之中,火灾
北京库房火灾中人亡本报讯据北京市公安局官方微博平安北京最新消息昨日凌晨时许警方在小武基村火灾现场又找到一名遇难群众截至目前火灾已造成人死亡月日时分许北京市朝阳区小武基村一库房着火接报警后北京市公安局先后调集个消防中队辆消防车赶赴现场开展灭火工作目前火已完全扑灭过火面积约平方米目前名受伤人员正在医院救治警方已将两名出租房主控制起火原因正在调查中,火灾
虹口区赤峰路弄一民住宅起火无人员伤亡月日上午时分左右虹口区赤峰路上一居民家中的厨房突然起火火焰夹着浓烟冲出窗外平米左右的厨房基本烧毁新民网记者了解到火灾还波及到隔壁的卧室卧室的挂式空调被烧坏天花板漆黑一片起火时户主不在家中火灾幸未造成人员伤亡新民网记者时分赶到火灾现场时火已被扑灭不过在小区门口仍可闻到烧焦味楼房外可看到救火时顺楼梯淌出的水流据这家女主人沈女士称火灾发生时房内没人厨房正在使用电饭堡火灾可能系由电饭煲电线故障引起记者在户主家中看到平米左右的厨房基本烧毁火灾还波及到隔壁的卧室卧室的挂式空调被烧坏悬在半空天花板漆黑一片窗外黑烟冲天一股浓烈的焦臭味随风飘来还以为自家的空调着火探出窗外才知道原来是楼下厨房起火了楼下厨房的位置浓烟滚滚窗户附近已经着火了火焰夹着浓烟冲出窗外正在向四周蔓延住在事发地点楼上的一位居民回忆起火之后该居民立即报了火警据附近居民刘先生称事发当时火势很大上午时许两辆救火车赶到事发现场至上午点分左右才将火势控制住所幸火灾中并无人员伤亡,火灾
湖南一造纸厂数千吨芦苇起火小时扑灭益阳市大通湖区金北顺造纸厂芦苇堆场发生火灾着火部位于该堆场的北角堆场内存放有大型芦苇堆垛个共有万多吨的芦苇火灾发生后益阳岳阳常德地消防官兵用了个小时彻底将大火扑灭当晚时分大通湖区消防大队接到该区金北顺造纸有限公司报警称厂区内芦苇堆垛发生火灾接警后大队迅速出动台消防车名官兵赶赴现场由于芦苇堆垛上的芦苇已被晒干消防水枪无法对现场火势进行有效控制大火从两个堆垛迅速蔓延到个堆垛且火场火势已处于猛烈燃烧阶段烟雾很浓幸运的是火灾现场无易燃易爆等危险源无人员被困经过全体参战人员奋力扑救到日凌晨时火势得到有效控制上午时大火基本被扑灭根据现场情况为防止死灰复燃消防人员迅速开展余火清理工作到中午时在台挖掘机的配合下余火被彻底扑灭周边堆垛万多吨价值近千万元的芦苇被保住了经消防部门初步查明这起火灾系该厂员工在转运芦苇时违规操作所致目前名违规操作的工人已被警方控制,火灾
台湾彰化县一间面包店发生火灾人死亡中新网月日电据台湾中央社报道台湾彰化县员林镇一间面包店今天清晨发生火警人丧生由于尸体焦黑难辨警察仍在确认人身分彰化县消防局今天早上时左右接获报案称彰化县员林镇中山路一段一处民宅传出火警意外消防车前往现场灌救发现失火的民宅是一间面包店大火熄灭后发现店内有名死者死者身份暂难确认,火灾
武昌小吃街发火灾延烧家店面商户抢出煤气罐年月日汉网武汉晚报本报讯记者杨京昨天早上武昌雄楚大道小何村一条小吃街内发生火灾火势蔓延后殃及家小吃店记者赶到现场大火已经被扑灭几个从火场中抢出的煤气罐放在路边起火的是一排出售各种小吃的门面均用彩钢板搭建而成屋顶已经被烧塌市民刘女士是一家炒面铺的老板娘她告诉记者昨天早上点这排小吃店大多没有开业突然与自家相邻不远的熟食铺里冒出浓烟进而便有明火蹿出由于火势蔓延较快加上起火店铺的卷闸门尚未开启附近商户均不便自行扑救只来得及赶紧将店内的几个煤气罐抢出随后拨打报警消防官兵很快赶到将火扑灭共有家店铺在火灾中受损火灾原因尚在调查当中,火灾
广西贵港一涂料厂溶剂油罐发生火灾无人员伤亡年月日中国警察网讯月日时分广西贵港市西江农场一涂料厂溶剂油罐发生火灾大火燃烧产生大量滚滚浓烟腾四周毗邻厂房房屋受到威胁贵港市消防支队指挥中心接警后迅速调集特勤港北港南覃塘个中队辆消防车名官兵前往扑救时分大火被成功扑灭未造成人员伤亡,火灾
合川百年小吃店起大火疑因厨师炒咸菜导致年月日本报讯记者裘晋奕昨晨点过合川区柏树街号居民楼下临街抄手店突发大火浓烟直冲楼上户居民全部惊醒不少人还吸入大量烟雾咳嗽一上午都未见好转上午点过记者赶到事发现场时大火已被扑灭个多小时不过站在距离出事门面米远处就能闻到一股浓烈的焦糊气味记者看到出事门面叫做吕氏鸡肉抄手店当时已经关门歇业门上贴着一纸落款为月日的致歉告示据了解失火的吕氏鸡肉抄手店系合川名小吃在当地已有百年历史合阳城街道办事处安监办王先生介绍发生火灾后工作人员也赶到现场维持秩序出事时有厨师在炒制咸菜可能就是因此起火的同时合川区市政委市政监察执法大队的高队长证实吕氏抄手店之前就因违章搭建多次受到处理不过起火原因是否与违章搭建有关合川消防支队和当地警方已介入调查,火灾
南京一层高楼发生火灾年月日人民网南京月日电记者申琳今日时分左右南京市山西路层高的中环国际大厦空调外机井着火过火面积约平方米经扑救时分明火被完全扑灭南京市政府办公厅发布消息说火灾中无人员伤亡南京市消防支队接到市公安局指挥中心传警后先后调集鼓楼侯家桥等个消防中队和战勤保障大队辆消防车名消防官兵赶赴现场救援力量到场后在现场指挥部的指挥下立即展开火情侦察启动建筑内部消防设施进行排烟同时组织个作战小组深入各楼层疏散被困人员利用内部消火栓进行灭火时分火势得到控制时分明火被完全扑灭火灾发生后南京市政府秘书长魏克江苏省公安厅副厅长王琦江苏省消防总队总队长牛跃光等相继赶到现场指挥火灾扑救工作据初步调查中环国际大厦至层为裙楼至层为办公区域至层为住宅层为避难层高米总建筑面积约万平方米过火区域为外墙楼至顶层的两个相临空调外机井燃烧物主要为井壁的保温层过火面积约平方米消防官兵共从建筑内疏散出被困人员约人主要包括在裙楼商场中购物的人员在写字楼办公的人群和在该大厦居住的业主火灾中无人员伤亡目前火灾原因和直接财产损失正在调查之中,火灾
俄西伯利亚一民宅火灾致人死亡年月日来源新华网新华网莫斯科月日电记者曹妍俄罗斯西伯利亚西部秋明州一座私人住宅月日因天然气罐爆炸而起火导致人死亡其中包括名儿童据国际文传电讯社报道秋明州卡斯马卡瓦村一幢单层小木屋日凌晨发生火灾大火被扑灭后在烧毁房屋中发现具尸体其中包括名不满岁的儿童此外火灾还导致名女性受伤据调查火灾是由个天然气罐爆炸引起的,火灾
武汉汉正街火灾造成至少人受伤武汉月日电湖北武汉汉正街一塑料玩具和工艺品市场日发生大火目前至少造成人受伤其中一人伤势严重记者从医院方面了解到伤者多是吸入性损伤火灾发生在上午时分左右起火大楼共有层一至三楼是塑料玩具和工艺品市场四楼以上有多家住户在四楼还有一家幼儿园当地消防部门介绍说消防部门组织了辆防消车公安消防官兵多名迅速赶赴现场施救到时左右明火扑灭记者在现场看到起火现场一直浓烟滚滚弥漫着刺鼻的烧焦塑料味到时浓烟仍不见减少消防人员仍在向楼内喷水火灾发生后湖北省委省政府武汉市委市政府负责人高度重视省委书记罗清泉省长李鸿忠省委副书记市委书记杨松市长阮成发分别在第一时间作出指示积极疏散群众抢救人员控制火势据悉消防官兵已疏散起火楼房居民多人已知有名伤者被送到武汉市第一医院救治记者在医院了解到伤者多是吸入性损伤,火灾
法国西班牙和希腊等多国爆发森林大火南欧各国由于夏季高温各地森林大火频传数以千计的消防人员全力抢救试图控制火势在西班牙法国希腊及意大利南部萨丁尼亚岛的山林火灾至少造成八人死亡其中西班牙的受灾情况最严重西班牙在过去的四天里已经有六名消防人员殉职另外在意大利的萨丁尼亚岛也有两人因为丛林起火而丧生,火灾
澳大利亚年火灾高温致一夜间发生几百起火灾年月日月日据外媒俄罗斯报报道称位于北半球的澳大利亚现在正处于炎热的夏季而近日也到了高温酷暑的时候当地时间月日晚澳大利亚南部一夜间发生至少起火灾受炎热天气及雷雨天气影响澳大利亚南部一夜间发生至少起火灾灾情多集中在维多利亚州火灾发生后救援人员立即展开救灾行动目前大部分起火点火势已被控制,火灾
长江大桥昨晚一桥洞失火火灾持续个多小时新华报业网讯昨晚南京长江大桥回龙桥一桥洞失火火灾持续了个多小时因为失火桥洞悬在河面上消防人员很难进入施救最后两名消防队员用绳子系在腰上从桥面上空降到半空花了近半个小时终于把火扑灭据了解火灾因堆放在桥洞里的垃圾引起接到报料后记者立刻赶到了现场失火地点在南京长江大桥回龙桥上桥口金川河的出江口处记者只能在距离米远的地方观看在金川河正上方的桥洞里面火光熊熊空气中弥漫着布料和电线燃烧后的焦糊味消防人员已赶到了桥面但因为桥洞是悬在半空的普通的方法根本不能靠近桥洞不久记者看到惊险的一幕两名消防人员腰间系着绳子从桥面上慢慢空降到桥洞前方然后用水枪灭火随着水不断地冲击桥洞记者听到了噼里啪啦声应该是灼热的水泥被水冲击后发生了爆裂大约半小时后火被扑灭,火灾
昆明发生森林火灾市民称烟雾笼罩市区年月日中新网昆明月日电记者史广林日下午昆明市西山区棋台山发生森林火灾目前火势较大当日时许昆明市城区西边突然升起一团浓烟住在主城区的一位市民称浓烟遮天蔽日笼罩了市区大半个天空记者从昆明市森林防火指挥部获悉西山区团结镇棋台社区棋台山发生森林火灾森林消防人员已赶赴火场扑救,火灾
宜宾城区一大厦层处发生火灾或为外墙装饰材料引发四川在线宜宾频道消息刘学艳实习记者黄崧伦今日上午宜宾城区一大厦发生火灾目前火势被控制上午时分城区真武路树刚大厦发生火灾现场浓烟较大且有施工人员被困接到报警后宜宾市公安消防支队立即调动消防官兵赶往现场组织个搜救组进行搜救时分火势被控制被困人员被救出目前确定已无被困人员据现场目击者称此次火灾的起火原因不像由大厦里面住户引致的怀疑是大厦风貌整治外墙装饰材料引发火灾目前起火原因正在进一步调查中,火灾
珠海南屏一工厂突发火灾消防紧急救援年月日年月日上午时位于珠海南屏北山东桥工业区附件的旧工厂大厦冒起滚滚浓烟突发大火多名工人被困楼顶事发后消防官兵第一时间赶到现场进行援救具体起火原因正在进一步调查有网友称起火的原因可能是由于近期天气比较干燥工厂里面的防火设备没有及时更新及检查而且楼年久失修而导致这次火灾事故的发生,火灾
洪都拉斯首都一市场发生火灾洪都拉斯首都特古西加尔巴市中心一个市场日发生大火火势随即蔓延到附近的商业区和银行区但目前尚未有人员死伤的报告当地时间清晨点分左右位于洪首都特古西加尔巴市中心位置的科隆市场突然起火火势很快蔓延到附近一家以经营服装为主的街道并影响到了周边的银行和学校记者看到历史悠久的克隆市场几乎完全毁于火灾火灾现场附近的数十条街区都笼罩在浓烟之中洪首都消防总队发言人奥斯卡在接受新华社记者采访的时说为了控制火势他们出动了附近消防站全部的辆消防车和名消防员经过数小时的紧急扑救火势已经基本得到了控制但是暂时还未探明起火原因奥斯卡说由于火灾发生在清晨市场内商贩不多因此目前尚未有人员死伤的报告不过根据洪首都消防总队的记录本次火灾是首都地区近十年历史上最为严重的一次由于洪都拉斯因军事政变正处于敏感时期为防止激进分子借机滋事洪警方已经派遣大量警力前往现场维持秩序并开始调查火灾的真正原因,火灾
油罐爆炸起火燃烧小时年月日本报东莞讯记者代希奎黄维昨日上午时分左右麻涌镇南洲村东莞市港航船舶清污有限公司发生一起火灾事故时分许火势被扑灭消防部门先后出动了辆消防车支援事故没有造成人员伤亡目前火灾事故原因尚在调查当中目击者吴先生称最初爆炸起火的油罐较大火势较猛一时难以控制在上午时分左右第个油罐也被引燃在时分左右也发生了爆炸火灾发生后消防部门先后出动了辆消防车经过近小时的扑救消防人员在时分左右成功将火势扑灭经调查事故现场主要有两个储油罐着火火场过火面积约平方米由于起火地点远离居民区事故没有造成人员伤亡事后消防大队对火灾事故现场进行洒水降温处理并派专人留驻现场,火灾
吉尔吉斯中海市场发生火灾无中方人员伤亡年月日上午时吉尔吉斯斯坦比什凯克市中国商人集中的中海市场发生大火至下午时火场明火基本扑灭在火灾中市场售货大楼内部设施及所存商品被烧毁大楼主体结构受损严重所幸无人员伤亡获悉此事后中国驻吉使馆迅速启动应急机制张延年大使亲赴现场敦促吉方加强对中方商铺的保护避免灾后中国商户商品被偷被抢现象的发生张大使还慰问了市场内的中国商户表示将会尽力协助商户处理好善后工作目前火灾原因正在调查中,火灾
云南丽江束河古镇昨凌晨失火据中新社电据多名网友爆料日凌晨丽江束河古镇发生火灾起火点位于四方街往完小方向凌晨点发现火情到点多完全控制,火灾
面包车起火致十人伤亡年月日昨天清晨时许一辆乘坐人的超载面包车行驶至京承高速进京方向时突然起火司机和副驾驶逃生而坐在车内的名木工不同程度烧伤其中一人死亡据了解面包车可能是自燃司机已被警方带走调查昨天清晨时分左右记者赶到事发现场京承高速进京方向城铁望京西站此时现场已经清理完毕但路边的护栏已被撞得凹进去一大块地上还有一摊黑灰据一位城铁站内的工作人员介绍清晨时左右一辆面包车冒起熊熊大火离面包车不远处几个人坐在地上身上都有不同程度的伤有人不停地喊救命奥林匹克公园消防中队赶到现场后不到分钟就将火扑灭急救人员同时对伤员进行救护由于人手不够城铁站里的保安和周围一些好心人也来帮忙把伤者抬上担架有几个人伤得不轻抬的时候都能闻到很重的烧焦味大概点分左右被烧的面包车被拖走了记者随后前往北京军区总医院东院烧伤整形科朱主任介绍说送到该院的有名伤者位重伤员被送往重症监护室救治烧伤面积均达到以上截至发稿时止人仍未脱离生命危险而送到积水潭医院的另外一名伤者已不幸死亡,火灾
保加利亚索非亚市一华商集中商城发生火灾年月日新华网索非亚月日电记者王蒙保加利亚首都索非亚华商较集中的伊连齐商城一个销售厅日清晨发生火灾目前没有人员伤亡的报道据保加利亚中国商会副会长陈建军介绍销售厅一楼是店面二楼是仓库除两家阿拉伯商户外其余均为华商经初步统计受灾商户大约有多家大火是在当地时间时左右被发现的当时许多商户刚刚来到市场准备开始营业截至当地时间时大火已基本被扑灭市场周边的交通管制仍没有解除整个市场也已停业据初步估计过火面积有可能近平方米华商的损失情况正在统计中但据一位来自浙江的受灾商户介绍仅他一家在销售厅内就存放有价值多万欧元的货物据索非亚消防部门负责人伊万伊利耶夫介绍由于销售厅内堆积的货物主要是纺织品火势很难控制住尽管消防部门在第一时间派辆消防车赶到现场灭火但由于市场内的供水系统出现问题不得不增派更多消防车支援并不断从附近接水灭火伊利耶夫说目前尚不清楚人员伤亡情况消防部门将配合警方在大火彻底扑灭后对火灾原因进行调查中国驻保加利亚大使馆获悉此事后高度重视政务参赞陈岚商务参赞陆永明等使馆人员第一时间赶赴现场了解情况与保方交涉加强消防力量协助组织灭火和安排善后工作,火灾
连云港大货车高速上轮胎起火火光冲天昨天凌晨时分许长深高速灌南服务区往南公里附近一辆满载吨的袋装塑料颗粒的大货车轮胎突然起火驾驶员急忙停车取出灭火器灭火无奈车载灭火器太小两个灭火器喷完了仍无法将大火扑灭灌南县消防中队官兵接到报警后经过半个多小时的紧张扑救火灾被彻底扑灭保住了车上的大量货物,火灾
兰坪大火基本扑灭年月日本报讯记者付雪晖通讯员和树芳兰坪拉古村委会大火目前已基本扑灭受灾农户安置工作正有序开展受灾群众的吃穿住等基本生活得到保障火灾原因正在调查中日时分左右怒江傈僳族自治州兰坪白族普米族自治县营盘镇拉古村委会三组和四组交界处发生火灾造成户间房屋被烧毁余人受灾无人员伤亡火灾发生后怒江州兰坪县迅速启动应急预案成立事故处置领导小组紧急下拨救灾应急资金和物资迅速组织人员赶赴现场开展善后处置工作,火灾
衡水一商住楼大火女主人和两岁孩子遇难昨日月日凌晨时许衡水市区红旗大街干马桥南约米路东一门店居住库房三合一的商住楼发生火灾店内的货物全部付之一炬女主人和两岁的孩子遇难男主人侥幸逃生衡水市当天召开冬季防火会议强调在三合一多合一场所重点开展火灾隐患排查整治工作,火灾
福州城门一棉花厂突发火灾烧了五小时台海网月日讯海峡都市报记者吴臻游庆辉通讯员黄绿荣王福军朱晓航文图日时分许福州城门胪厦工业区内一棉花厂突发火灾火势迅速蔓延殃及隔壁的制鞋厂上千平方米的仓库顿时成为火海火烧红了城门半边天消防在接到报警后共调来了个中队部消防车一百多名消防官兵赶赴火灾现场在经过了个小时的扑救后大火被扑灭昨日凌晨记者赶到现场在数百米外就能看到远处腾起的滚滚浓烟红色的火光照红了城门大半边天着火的制鞋厂四楼仓库已成火海记者跟随消防人员登上距离火场米外的一厂房楼顶时顿时感到滚烫的热气迎面扑来救火的消防队员都戴着空气呼吸器等防护装备据了解起火点是工业区内一棉花厂与制鞋厂仅一墙之隔目击者陈先生说鞋厂仓库面积约平方米里面堆放着大量成品拖鞋另外棉花厂内还有大量棉花火灾发生后火势蔓延很快不久大火就蹿上制鞋厂的四楼仓库一下子变得无法控制消防队员告诉记者由于火场周边地形复杂水源匮乏现场指挥部决定调集大型水罐车进行远距离接力供水保证往火场一线进行不间断供水周边工厂的工人和群众也纷纷拿出厂里的水带还找出了为数不多的消火栓协助消防官兵控制火势直到昨日凌晨点分左右大火被成功扑灭所幸火灾没有造成人员伤亡目前火灾原因还在调查当中,火灾
沾河火灾发生在林区腹地沼泽地带兵力扑救年月日东北网月日讯月日时分我省沾河林业局施业区伊南河林场发生草甸森林火灾由于火灾发生地点位于林区腹地没有道路均为沼泽地带加之火场天气条件恶劣风力达级阵风达级气温最高达虽经全体扑火指战员奋力扑救火势仍很难得到有效控制截至月日时火场面积已达多平方公里火场现在投入兵力人大型机械余台转移群众人省委书记吉炳轩省长栗战书副省长吕维峰孙永波国家森林防火指挥部副总指挥国家林业局副局长孙扎根国家森防指专家组组长马福森警总队指挥部主任王佐明副主任李全海亲临火灾前线部署和指挥扑救工作,火灾
地中海沿岸国大火蔓延年月日年初发生的澳大利亚森林大火给人们造成的伤痛还未退却欧洲地中海沿岸国意大利西班牙法国希腊和克罗地亚近期又发生多起山林火灾目前已经造成巨大财产损失总部设在罗马的联合国粮农组织日发出呼吁频频发生的火灾已成为人类面临的一大重要威胁各国有必要加强火灾早期预警及监控机制的建立近期发生在意大利西班牙法国希腊和克罗地亚等地中海沿岸国家的山林大火目前已造成人死亡数万公顷农田被烧毁财产损失可能高达数亿欧元在意大利撒丁岛火灾从日开始蔓延至今超过万公顷田地被大火烧毁已有人在火灾中丧生数十名游客被紧急疏散损失据估算达到千万欧元在西班牙官方估计大约万公顷农田被烧毁名消防队员在救火战斗中牺牲除了受灾最重的意大利和西班牙发生在法国南部的大火过火面积超过千公顷不仅科西嘉岛上发生火灾马赛附近的大火几乎逼近市区在希腊大火主要集中在南部仅日就出现超过处火情希腊政府已在全国发布火灾警告而在克罗地亚契奥沃岛上日烧起大火超过公顷林地遭烧毁,火灾
长兴岛江南造船厂一在建八万吨级货轮起火年月日东方网记者刘歆月日报道据上海市消防局官方微博消息今天中午时分上海市应急联动中心接警位于长兴岛的江南造船厂号船坞一在建的八万吨级货轮发生火灾由于燃烧的主要是保温材料现场烟雾很大扑救十分困难消防部门调集数十辆消防车赶赴现场进行内攻灭火目前暂未发现人员被困下午点左右大火基本被控制,火灾
福建一大面积草地失火人扑救过火面积超万平中国网月日讯据福建泉州消防消息昨日时分位于泉州市晋江市安海镇星塔村书展公园附近一大面积草地发生火灾大火借风势迅速向四周蔓延靠近火场不到百米的一座村庄数十栋居民房岌岌可危晋江消防大队安海中队接到报警后迅速赶到现场联合安海镇政府工作人员公安部门行政执法以及附近居民共余人将大火扑灭及时制止了火势蔓延数十栋居民楼得以保全时分消防官兵赶到火场附近经观察发现此区域为盆状地形盆底均为茂密的草地和树木火光将周围映照的通红火势借助风势向毗邻的村庄方向蔓延由于通往火场道路为村间小道消防车根本无法驶入且附近没有可用水源救援面临极大的难度全体官兵携铁扫铁锹等工具跑步至火点利用树枝泥土等物从接近村庄的方向开始扑救首先控制火势向村庄蔓延公安民警附近居民也携带工具和树枝加入到扑救战斗中安海镇政府工作人员行政执法部门也相继赶到协助扑救时许火势得到控制救援人员对现场余火进行了清理此次火灾照成一座信号塔部分电线不同程度烧损过火面积万余平方米火灾未造成人员伤亡具体火灾原因正在调查中,火灾
福建长乐一家酒吧发生特大火灾人死亡新华网福州长乐月日电记者来建强月日晚福建省长乐市拉丁酒吧发生特大火灾共造成人死亡据当地政府介绍当晚时分左右长乐市拉丁酒吧名左右男女青年开生日聚会在桌面上燃放烟花引燃天花板酿成火灾接到报警后福建省和福州市领导高度重视有关领导第一时间赶到现场指挥善后处置工作长乐市第一时间组织公安消防安监民政卫生及吴航街道等单位开展现场抢险工作经全力扑救火灾于月日零点分左右被扑灭现场陆续救出名人员其中名因窒息经现场紧急抢救和送往医院抢救无效后陆续死亡名经抢救后已脱险名正在抢救中事故发生后长乐市委市政府立即成立现场紧急处置领导小组由书记市长担任正副组长领导小组下设个专项处理小组现场抢险组医疗救助组善后及安定稳定组事故调查组宣传协调组组长分别由市委市政府领导担任全力投入抢险抢救和善后安定稳定工作,火灾
西安开往乌鲁木齐列车在隧道中起火年月日东方网月日消息昨日上午时分由西安开往乌鲁木齐的次旅客列车运行至中国最长的铁路隧道兰新线乌鞘岭隧道左线时机车突然着火经铁路消防等部门紧急处置千余旅客徒步逃生大火被扑灭未造成人员伤亡事故原因有关方面正在调查乘客从隧道脱险后铁路部门立即清点人数确认无人员伤亡对部分距离目的地不远的乘客铁路警方安排班车回家大部分乘客等待救援的机车抵达后被安全带离现场当日中午时分许在新机车的牵引下次旅客列车从龙沟车站开出运输秩序恢复正常目前机车起火具体原因正在调查当中,火灾
汕头大火名女工被熏死作坊老板已遭拘留本报讯昨日上午汕头市潮阳区谷饶镇上堡居委会五片张培雄家庭作坊发生火灾起火建筑为村民自建的家庭住宅该家庭作坊主要生产耳机和内衣火灾仅于首层过火过火面积平方米火灾导致名女工被毒烟熏死人入院救治其中人重伤作坊老板张培雄已被拘留昨日时分汕头市公安局指挥中心接到报警接报后汕头市公安消防支队先后调集个大队个中队台消防车和名消防队员赶赴火场扑救并调集潮阳潮南区支专职消防队台消防车到现场增援谷饶当地的专职消防队和义务消防队于时分首先到达现场潮阳消防中队也随即到达现场火灾于时分被完全扑灭据初步统计现场共抢救出名被困人员其中人死亡人重伤伤者已被送往市区家医院救治火灾原因和财产损失正在调查中,火灾
上海永嘉路老式洋房突发火灾好心市民合力救出被困老太月日上午十点左右位于闹市区的一栋老式别墅发生一起火灾一名岁的妇女在逃生过程中坠伤因腿部和眼睛受伤被送医救治所幸没有生命危险火灾发生时多位热心市民援手相助起火的是小区内一栋老式洋房的三楼现场浓烟滚滚充斥着焦糊味失火后楼内居民边报警边开始自救初查火灾可能是电器使用不当引发具体原因仍在调查中,火灾
合肥小庙镇一农户家中突发大火或与用电短路有关月日上午十点多合肥小庙镇周章村一农户家中突发大火幸好在周边邻居的帮忙下将火扑灭火灾致使农户家损失两万元钱经辖区消防部门初步认定张师傅家失火可能与用电短路有关,火灾
广东汕头家庭作坊火灾致人死亡人重伤中新社汕头五月二十一日电二十一日上午汕头市潮阳区谷饶镇一家庭作坊发生大火至记者发稿时事故共造成十三人死亡四人重伤记者到现场采访了解到发生火灾是汕头市潮阳区谷饶镇一家典型的生产生活住宿三合一家庭作坊该作坊为村民自建的家庭住宅钢筋混凝土架构四层半局部五层总建筑面积约九百三十平方米在一楼火灾事故现场记者看到房屋已被烧得漆黑一片中间部位堆放的一些辅料和半成品全部过火靠墙的一边有一辆被烧毁的摩托车辅料被烧后产生的大量浓烟将墙壁熏得灰黑今天上午七时二十六分汕头市公安局指挥中心接到报警称谷饶镇上堡居委会张培雄家庭作坊发生火灾接报后汕头市公安消防支队先后调集十三部消防车一百五十四名消防官员到现场救援并调集潮阳潮南区五支专职队九台消防车到现场增援谷饶当地的专职消防队和义务消防队于七时四十分首先到达现场潮阳消防中队也随即到达现场火灾于九时被基本控制十时零五分被完全扑灭据初步统计消防官兵共救出二十八名被困人员截至记者发稿时事故共造成十三人死亡四人重伤火灾仅于首层过火过火面积为两百零二平方米目前伤者已被送往汕头市区三家医院救治火灾事故原因和直接财产损失正在调查统计中,火灾
八里街第三工业园区塑料厂仓库突发火灾起火原因调查中年月日星期一来源桂林晚报日下午时许八里街第三工业园区里的一间塑料厂成品仓库突发火灾大量塑料编织袋起火冒起滚滚浓烟消防民警相继赶到一边疏散群众一边加紧救火到当晚时许火势已被控制所幸大火未造成人员伤亡截至日晚记者发稿时起火原因尚在调查中,火灾
安康发生多起山林火灾多数为使用明火不当引发时间昨日记者从安康市森林公安局汉滨分局获悉近日由于安康天气快速转暖空气干燥安康境内发生多起山林火灾多数为村民使用明火不当引发据安康市森林公安局汉滨分局值班人员介绍月日傍晚时左右恒口镇长行村发生一起山火起火原因初步推断为村民上山上坟烧纸引发接警后森林消防及当地村民及时赶赴现场灭火但因天色渐晚加之人工灭火难度较大为保证人员安全当晚消防人员撤下火场日众人继续上山灭火于当晚时左右将明火彻底扑灭未造成人员伤亡月日下午时左右有多位群众途经包茂高速安康西服务区时发现附近山体发生火灾随后报警因发现及时几小时后火灾被扑灭起火原因初步推测为附近某村民在上坡烧荒引发山火另外日傍晚时左右安康市城区突起大风香溪洞景区内高压线路碰撞产生火花引发附近山体植被起火经消防人员的全力扑救及随后降雨于日晚时左右明火被扑灭以上两起火灾均未造成人员伤亡日陕西消防部门发布消防提示时下正值春季风干物燥森林火险等级较高森林防火应该引起高度关注不要携带火种进入林区林区内严禁野炊吸烟使用明火发生森林火灾和林区野外用火请立即拨打森林火灾报警电话,火灾
年月日广州番禺商铺火灾一名女子被烧死年月日年月日广州番禺市桥街兴泰路一家已经关门的商铺发生火灾一名岁的从化女子被不幸烧死起火商铺为一家瓶装水店现场过火面积约平方米广州番禺警方今天月日向媒体通报月日晚时分许警方接群众报警称市桥街兴泰路一已关门的商铺内冒出浓烟接报后番禺警方迅速指令派出所消防部门出警处置同时通知急救人员参与救援,火灾
长春一检验所发生火灾年月日星期一城市晚报讯昨日时许位于仙台大街与湛江路交会处的吉林省食品药品检验所发生火灾接到报警后十多辆消防车先后赶到现场进行救援据悉事故未造成人员伤亡据现场附近的围观群众称事故约发生在时分起火点位于检验所西北角当时不断有滚滚浓烟从中冒出时分当记者到达现场时火势已被控制消防人员开始进入建筑内部施救时许大火被扑灭目前起火原因正在调查之中,火灾
广东东莞一仓库发生火灾过火面积约平方米年月日中新网东莞月日电李映民李获广东东莞万江区一纸品仓库日早上发生火灾过火面积约平方米截至记者发稿时明火基本上被扑灭无人员伤亡据万江消防介绍月日时分万江大队值班室接到报警位于万江区新村卢屋工业区的东莞市铭丰包装品制造有限公司仓库发生火灾指挥中心第一时间调派万江专职消防队台消防车名指战员赶往现场处置据悉起火建筑为一幢一层简易仓库占地面积为平方米建筑面积为平方米为纸品包装盒仓库此次火灾的过火面积约平方米记者在现场看到起火仓库的铁皮屋顶已坍塌现场浓烟滚滚明火基本上被扑灭消防员正继续往火场注水据万江消防透露目前明火基本上被扑灭无人员伤亡起火原因正在调查中,火灾
兰州市城关区泰生大厦发生起火灾事故年月日时左右年月日时许城关区泰生大厦第层发生火灾事故发生后市政府袁占亭市长胥波副市长咸大明副市长第一时间赶赴事故现场指导灭火救援工作袁占亭市长主持召开了事故现场会城关区政府主要领导及相关部门负责同志参加了会议袁占亭市长对本次火灾事故作了以下要求第一及时疏散楼内人员确保人员安全第二立即对楼层内的辅助设施进行检查防止次生事故发生第三市政府成立事故调查组依法依规开展事故调查严肃追究相关人员责任第四尽快召开新闻发布会及时向社会通报事故调查进展情况并做好信息报送工作第五立即在全市范围内开展人员密集场所和公共聚集场所的消防安全大检查排查整治各类事故隐患确保岁末年初的安全稳定,火灾
老小区深夜突发大火辅警冲进火场救出两老人月日凌晨吴江区盛泽镇心开弄一幢住宅楼着火且火势很猛有蔓延的趋势接到报警后盛泽公安分局治安巡逻队的队员们立即第一时间赶至现场其他队员也纷纷赶来支援由于这是一个老住宅区附近都是老房子有的甚至是木质房当队员赶到时熊熊的大火已经将间屋子吞噬瓦片和椽木全都掉落下来还能听到砰的一声巨响顿时火光四射面对此情景队员们立即展开分工有的挨家挨户拍门叫醒还在沉睡中的住户有的负责抢救物品有的借盆装水灭火,火灾
广州市一烂尾楼发生火灾本报讯记者毕征通讯员史伟宗龚宣昨日时分许越秀区起义路号建业大厦层高系烂尾楼部分楼层存放货物发生火灾省委书记胡春华作出指示广州市委书记万庆良副省长省公安厅长李春生市长陈建华市委常委常务副市长陈如桂副市长市公安局长谢晓丹等到现场指挥灭火救援和群众疏散安置工作市公安局组织消防支队交警支队及越秀区公安分局等单位到场开展灭火救援工作消防部门紧急调集个消防中队台消防车多名消防官兵到场扑救期间越秀区共疏散多名群众分别安置在周边个临时安置点并提供食品和御寒物品等物资经环保部门现场监测目前火灾对周边环境影响轻微,火灾
宁洛高速凤阳段一油罐车行驶中自燃央广网合肥月日消息记者王利通讯员郭如亮刘丽叶月日下午一辆满载食用油的罐体货车在快速行驶途径宁洛高速凤阳县大溪河路段时突然起火当地消防部门经过个多小时的紧张扑救火势彻底被扑灭虽然油罐车车头烧毁严重但是所幸火灾没有造成人员伤亡当日下午时分凤阳县消防大队接到报警位于宁洛高速凤阳县境内大溪河服务区前往洛阳方向两公里处一辆油罐车起火火势猛烈在距离火灾现场三公里时救援官兵们就看到事发路段浓烟漫天到达现场后救援人员发现起火的是一辆满载食用油的油罐车车牌为豫挂此时熊熊大火已将整个车头部分包围消防官兵一方面与高速民警对事故发生道路进行全面封锁另一方面根据现场对火情的研判十五分钟后火势已基本得到控制由于油罐车驾驶室已经充分燃烧各种元器件温度非常高为防止死灰复燃消防官兵随后又利用铁铤等工具撬开驾驶室门将水流注入驾驶室内部并继续对车辆罐体进行冷却处理经过个多小时的奋战大火被完全扑灭目前火灾发生原因正在进一步调查中,火灾
比利时养老院火灾名老人死亡国际在线消息记者金力比利时一家养老院日晚发生火灾造成名老人死亡名老人伤势严重火灾发生在比利时首都布鲁塞尔以西大约公里的梅勒据初步调查起火原因为内部设备过热火灾发生时养老院内有大约名老人他们大部分已经休息但由于当天是今年入夏以来比利时最热的一天气温达到了摄氏度因此他们睡觉时都开着房门这使得事故的伤亡人数大为减少目前警方仍在对事故原因作进一步调查,火灾
马尼拉华人区住宅发生火灾一华人老妇被烧伤年月日来源中国新闻网据菲律宾世界日报报道月日晚深夜时分正当千家万户已进入梦乡时菲律宾马尼拉华人区的核心地段突然消防车铃声大作一声声急促的火警警笛撕破了子夜的寂静火灾发生于王彬街和号分别是鸿飞国货店和新胜利国货店起火时间为晚上点左右大火波及建筑物内的五户人家其中一位年长华人妇女被灼伤经消防人员解救得以迅速送院治疗另有几位老人吸入浓烟不适所幸并无大碍消防人员从屋顶窗口和楼梯等不同方向靠近火点经过奋勇扑救在短短三十分钟内就成功将明火扑灭避免火势进一步蔓延保护民众生命财产安全免遭更大威胁起火地点位于建筑密集地段且毗邻裕华大酒店华昌购物场等重要建筑若火势未得到及时控制后果不堪设想起火原因目前仍在调查之中起火的火源在哪一家店也尚无定论,火灾
深圳市光明新区荣健农批水果市场重大火灾事故深圳市光明新区荣健农批水果市场日凌晨发生重大火灾造成人死亡人受伤中共中央政治局常委国务院总理李克强作出紧急批示要求全力救治伤员核实伤亡情况妥为善后处理要尽快查明原因依法依规处理要举一反三全面做好今冬明春安全生产工作特别是对薄弱环节要严查密防不留死角盲区最大限度地降低安全风险,火灾
沙县高砂镇发生森林火灾据省森林防火指挥部消息昨日中午沙县高砂镇端溪村发生森林火灾因风力过大火灾迅速蔓延火灾发生后当地在第一时间内组织各种专业力量全力扑救鹰厦铁路因火灾受阻的部分列车于昨晚时分全部恢复正常运行截至今日零时火势已基本得到控制没有人员伤亡报告在获悉沙县高砂镇发生火灾后出差在外的省委书记卢展工省长黄小晶立即作出重要指示要求抓紧做好扑火和防范工作确保人民生命财产安全国家森林防火指挥部总指挥国家林业局局长贾治邦对火灾扑救工作提出具体要求出差在外的省委常委常务副省长张昌平立即赶赴省森林防火指挥部与先期坐镇指挥的省委常委副省长陈桦一同部署扑救工作省森林防火指挥部迅速把指示精神向各地传达贯彻落实据介绍昨日时分许高砂镇防火办接到农民报告端溪村发生森林火灾由于风大火灾蔓延迅速火苗飞过沙溪河引起对岸起火并越过高速公路向不同方向蔓延形成大连山隧道高砂镇龙江村青州镇涌溪村多个火点受火灾影响当地部分高速公路铁路和电力一度受到较大影响接到火灾报告后各级各有关部门在第一时间立即行动起来省森林防火指挥部和三明市沙县各级领导干部均在第一时间赶往火场指挥扑救三明市立即成立前线扑火指挥部组织森林消防武警官兵和专业扑火队伍以及党政干部多人分五个片区进行扑火截至今日零时没有造成人员伤亡火烧面积和起火原因仍在调查之中,火灾
北京中央电视台新址工地发生大火年月日新华网北京月日电记者李江涛李舒孙晓胜日时分北京市朝阳区东三环中央电视台新址园区在建的附属文化中心大楼工地发生火灾火势迅速蔓延至当日时分大火仍在燃烧但火势逐渐减弱目前尚无人员伤亡报告据北京市新闻办通报北京市指挥中心接到报警后迅速调派个中队辆消防车赶赴现场北京市委市政府启动了应急预案现场已设置应急指挥中心消防武警民警迅速赶赴现场疏散周边群众扑救大火中共中央政治局委员北京市委书记刘淇中共中央政治局委员中宣部部长刘云山北京市委副书记市长郭金龙中央电视台台长赵化勇等迅速赶赴现场指挥扑救火灾现场周边的东三环朝阳路已经实施交通管制据现场一位周姓目击者称时许央视新大楼附近开始燃放焰火一些群众聚集在京广桥附近观看至时分许就看见北配楼顶部出现火光截至时分火势已经逐渐减弱周围大部分围观群众已被疏散,火灾
福州闽侯一鞋厂仓库凌晨失火东南网月日讯通讯员容肖今日凌晨时分许福州市闽侯县南屿加油站对面万顺鞋厂内一仓库突然失火工厂保安发现火情后立即向消防部门报警求助消防官兵奋斗了小时将火扑灭今日凌晨福州市闽侯县消防大队接警后迅速出动部消防车余名消防官兵赶赴现场进行扑救经到场的消防官兵侦查起火的是该鞋厂四楼一仓库里面堆放着一些纸板箱和半成品的鞋子火势正向楼开始蔓延随后消防官兵利用消防车的水炮对四楼的火势进行控制同时组织两个攻坚小组配带好个人防护装备深入起火楼层内部对火势进行控制小时后火灾被扑灭没有造成人员伤亡目前火灾原因和损失正在进一步调查统计中,火灾
新疆阿勒泰地区布尔津县发生森林火灾新华网乌鲁木齐月日电阿合买提江吴香俊经过近十一个小时的全力扑救新疆阿勒泰地区布尔津县境内发生的森林火灾已于日凌晨全部扑灭据布尔津县应急管理办公室主任冯强华介绍日时左右布尔津县冲乎尔乡乔巴特地区在建水电站以西大约两公里处的一片森林草场发生大火过火面积达亩大火所过之处很多灌木和草场被烧毁所幸未造成树木燃烧和人员伤亡火灾发生后当地政府及武警边防派出所阿勒泰森林消防支队县护林防火办当地民兵及群众等余人立即赶赴现场进行紧急灭火经过一夜的扑救日凌晨时将大火全部扑灭据了解乔巴特森林区距新疆著名景区喀纳斯公里距乌鲁木齐市公里目前火灾原因正在调查中,火灾
山东青岛上坟烧纸引发起山火处火灾已扑灭月日下午时山东省青岛市林业局通报清明节期间全市森林火灾情况截至今天时青岛市共发生森林火灾起其中处火灾已经扑灭处火灾得到控制已有涉及起案件的名嫌疑人被控制经核查已查明的火灾和火情均因上坟烧纸烧香引起火灾及火情并未造成人员伤亡,火灾
大公共顶翻抢行夏利车晨报讯实习生程颖昨天上午时分左右在丰台区蒲黄榆路与蒲方路的十字路口处发生一起两车相撞事故一辆直行大公共将一辆抢行的夏利车顶翻据事故现场的交通协管员说上午点半左右一辆红色夏利车沿蒲黄榆路由北向南行驶到达路口想向东转弯由于蒲黄榆路南北双向都是绿灯一辆由南向北行驶的路大公共正在直行通过路口夏利车没有等待而是加速抢行大公交刹车不及将夏利车顶起一位目击者告诉记者夏利车被顶离地面大约厘米事故发生后交警迅速赶到现场根据夏利车转弯抢行的事实交警认定夏利车主负全部责任事故没有造成人员伤亡夏利车的右侧车门受到挤压向内凹陷事故处理完毕后两车各自开走事故清理持续了五六分钟由于路口交通协管员的及时疏导没有给正常交通造成影响,交通事故
湖北致死客车坠崖系司机责任事故新华网宜昌月日电记者刘紫凌冯国栋记者日从湖北省宜昌市交警部门获悉今年月日发生的兴山客车坠崖重大交通事故造成死伤其具体原因现已查明驾驶员熊承担事故全责目前公安机关已按涉嫌交通肇事罪予以立案侦查交警部门通报了事故的具体原因驾驶人熊无山区驾驶经验长期在平原道路驾驶前往神农架是其第一次驾驶大客车驶入山区道路司法鉴定机构对打捞出水的肇事车辆检验后发现客车左后轮胎胎面磨损严重存在诱发车辆侧滑的安全隐患肇事车辆在事故易发路段行驶时未降低速度未按照操作规范安全驾驶目前公安机关按涉嫌交通肇事罪对驾驶员熊予以立案侦查同时按涉嫌重大责任事故罪对肇事客车公司法定代表人安全经理等相关责任人予以立案侦查月日下午一辆前往神农架的荆州籍大客车在行经兴山县峡口镇时坠入三峡水库香溪河造成人死亡人受伤,交通事故
温江一货车侧翻两人被困四川在线消息青吉好贾波四川在线记者钟帆今日凌晨时许成都市温江区航天路政府专职消防队接到报警称凤溪大道与温泉大道交叉口发生了交通事故一辆双桥卡车与一辆运载木质门窗的货车相撞货车侧翻在地有两人被困驾驶室其中一人生命垂危消防队员火速到达现场借着昏暗的灯光队员们发现在温泉大道与凤溪大道交汇处一辆牌照为川的白色货色侧翻在地躺在公路中间车上装满了木板和木条有两人被困驾驶室其中靠副驾驶窗户位置的人员受伤较为严重头部大量出血上半身已被甩出车窗外脚部被卡在驾驶室里躺在地上呻吟不已先前到达的救护人员已对其头部做了简单包扎现场一片狼藉地上到处是挡风玻璃碎片车头已严重变形地上流淌着柴油消防队员先利用扩张器将受伤较轻的被困人员成功救出再对受伤较重的被困人员实施救援很快第一名被困人员被成功救出来到伤势严重的另一名被困人员面前不停地安慰鼓励他消防队员握着伤员的手给了他信心在确保被困人员不被二次伤害的情况下决定用液压扩张器通过车头底部对脚下方的被卡位置进行扩张然后马上利用液压顶杆通过副驾驶室对脚上方的被卡位置进行扩张通过液压扩张器与液压顶杆两种器材的配合扩大了救援空间随着被卡位置一点点扩张半个小时最后一名伤员终于被成功救出送上了等候一旁的救护车目前交警部门已介入事故原因调查伤者正在医院接受治疗,交通事故
两名中国游客在澳遭遇交通事故一死一伤环球网据澳大利亚新快网月日报道两名中国游客在澳大利亚塔斯马尼亚公路上与另一辆汽车发生头对头碰撞一死一伤死亡的女子今年岁据报道当时这两名中国籍人士在一辆斜背式的汽车内岁的男子是司机而岁的女性是他的妻子他们正在塔斯马尼亚州游览警方接到报道赶至位于地区的公路上两名中国人士驾驶的大众斜背式汽车和一辆现代送货面包车撞上车中的两名中国人都受到了重伤他们被送往西北乡村医院治疗这名岁的女性日下午死于重伤不治男子则面临多宗手术仍然处于危险阶段另一名岁的现代汽车司机受了轻伤已经出院澳大利亚中国使馆人员通知了以上两名中国游客的家属警方呼吁任何知情人士迅速联系警方实习编辑罗阳审核谭利娅,交通事故
济青高速潍坊段百余辆车因大雪相撞致人死亡中新网济南月日电孔凡元刘耀辉今天中午济青高速潍坊段发生数十辆车相撞事故据悉本次事故发生路段为青银高速公路公里处因大雪路面结冰造成余起交通事故导致人死亡人受伤记者从山东省公安厅交管局及高速公路交警支队了解到经过个多小时的紧张救援日中午发生在济青高速潍坊往高密附近的百余辆车因大雪相撞事故目前已救出名被困人员疏散余名民众事故路段已抢通车辆可缓慢通行高速公路交警支队全警上路采取封闭收费站主线分流间断放行等方式进行交通疏导同时现场已经全部勘查完毕事故车辆正在全力清理过程中据潍坊消防支队介绍事故路段滞留的车辆有余辆延绵约公里现场随处可见撞在一起的事故车辆车窗玻璃碎片撞落的汽车零部件和散落的货物泄漏的油迹满地都是一片狼藉据悉当日参与救援的官兵分段在长达公里多个事故点展开行动根据各起车辆追尾的情况和严重程度采取用车牵引液压剪扩钳扩张机动链锯和无齿锯切割等方法营救被困人员记者从山东高速公路管理部门获悉目前事故路段已抢通车辆已可缓慢通行但济青高速青岛方向近个高速入口仍处于封闭状态,交通事故
广西南梧二级路藤县特大交通事故死伤中广网梧州月日消息记者陈俊梧州电台谢大明月日时分广西南宁至梧州二级公路藤县塘步镇大罗村路段发生一起交通事故一辆货车与一辆客车相撞造成人当场死亡人受伤据交警初步查明事发路段当时一场大雨刚过一辆车牌号为陕的货车由西往东方向行驶一辆车牌号为桂广州至藤县的客车由东往西方向行驶两车会车时货车突然一头撞向了客车尾部货车两司机当场死亡车头严重变形作废由于受撞击的强大作用力客车则有人当场死亡人受伤随后客车驶向公路左侧路边幸亏客车在离高坎不到厘米处停了下来才避免了更大的损失事故发生后交通警察消防官兵和医护人员在第一时间赶到现场处理事故抢救伤员梧州市和藤县的领导也赶往现场了解情况组织抢救和事故处理工作至时分这一路段恢复了通车目前事故还在进一步调查处理中伤员伤情稳定,交通事故
丽景北街发生一起交通事故一环卫工被撞身亡年月日来源宁夏日报月日上午时分兴庆区丽景北街发生一起交通事故一辆大众途观车沿丽景街由南向北行驶至上海大众金富源店门前路段处撞上了正在此处进行路面清扫的环卫工人周某致周某当场死亡据交警介绍驾驶员张某女岁持有型机动车驾驶证环卫工人周某女岁家住银川市兴庆区大新镇新水桥村目前涉案车辆已暂扣驾驶员张某已被警方控制案件还在进一步审理当中据了解近几年随着银川市车辆保有量的增加环卫工人在进行路面清扫作业时极易发生交通事故据兴庆区交警二大队民警统计近年已有名环卫工人死于交通事故对此交警提醒全市环卫工人要加强自我保护意识切勿在交通高峰期进行路面清洁记者张佳怡,交通事故
甘肃永登发生车追尾事故致死伤新华网兰州月日电记者连振祥日时左右甘肃省永登县发生一起三车追尾事故造成死伤记者从兰州交警支队永登大队事故股了解到事故发生在国道永登收费站入口处当时余辆车停车交费一辆从后面行驶而来的卡车失控撞上了停在前面的农用三轮车三轮车又撞上了前面的大拖挂车三车发生追尾造成三轮车上人当场死亡人受伤死伤者都是永登县柳树乡的农民事故发生后伤者被紧急送往医院救治目前永登交警大队正在调查此次事故的具体原因,交通事故
失控轿车连撞路边四车本报讯记者李靖前天下午点多西城区南横东街国家电网能源研究院前一辆由东向西行驶的大众轿车失控冲向路边撞坏路边的辆轿车目击者称事发时他正好从路旁经过听到砰砰砰连续声响后循声望去发现一辆黑色的大众轿车冲向路边撞上停在路旁的轿车该目击者上前查看发现路边停放的辆轿车接连被撞都不同程度受到损坏还好当时车里都没人肇事的大众轿车挂着河南牌照事后车上下来一名青年男子神色较慌张听说好像是把油门当刹车踩了事后交警迅速赶到现场处理事故经过调查后肇事车被开走前天下午点左右记者赶到现场时并未见到肇事车和被撞车的车主被撞的辆轿车仍停放在路边辆轿车的保险杠被撞落一辆轿车油箱被撞瘪目前事故仍在调查处理中,交通事故
合阳发生重大交通事故人死亡人受伤西部网讯月日下午在渭南合阳县境内发生一起重大交通事故一辆中巴车在合阳一乡村公路行驶中因刹车失灵冲入国道与公路左侧土崖相撞造成人死亡人受伤事故发生后合阳县交警大队立即赶赴事故现场进行处理并启动重大交通事故处置应急预案合阳县相关领导以及公安交通卫生安监等部门相继赶到现场全力组织开展伤病救治工作目前名伤者的情况基本稳定据了解肇事中巴车是西安铁路局咸阳工务段在合阳上洼火车站的施工车辆车上乘坐的都是工人和农民工善后处置工作正在进行中,交通事故
广西境内车辆追尾致死伤广西新闻网南宁月日讯通讯员胡明军月日凌晨时左右一辆广东开往贵州的大客车在广西境内发生追尾事故事故造成大客车整体严重变形名乘客不幸死亡另有人受伤其中人受重伤据了解日凌晨一辆车牌号为贵由广东开往贵州的大客车在广西北海至南宁高速公路据大塘收费站公里处与一辆车牌号为桂的大货车追尾相撞事故造成大客车整体严重变形车内名乘客被困凌晨时分南宁市应急联动指挥中心接到报警后立即调集南宁市消防交警路政等部门赶赴现场救援据南宁市消防部门的消息称救援人员到达后立即携带破拆工具深入狭小的车内进行破拆切割时分历经小时的紧张奋战救援人员将车内受伤乘客全部救出受伤人员已被送往广西医科大一附院自治区人民医院南宁市江滨医院等五所医院进行救治,交通事故
运奶车侧翻撞坏四轿车被撞大众轿车基本报废年月日记者赵颖昨天早上点左右丰台区旧中路东侧一辆运奶车发生侧翻撞上四辆停放在路边的轿车造成近一吨的鲜奶几乎全部泼洒在路面上早上点半左右事发现场一辆运载罐装鲜奶的小货车侧翻在路边近一吨的鲜奶几乎全部泼洒在路面上牛奶车司机称当时他在正常行驶为了躲避对面车道上一辆货车不慎冲上人行道并发生侧翻正好撞上停放在此的轿车要不是撞上轿车可能我也危险了被撞的四辆轿车中一辆白色大众轿车损毁最严重车尾基本报废其余轿车车窗车门均有不同程度损坏事发后丰台交警判运奶车司机负全责约一小时后事故现场处理完毕,交通事故
山西高速隧道交通事故已确认名遇难者身份年月日新华网太原月日电记者晏国政吕梦琦记者日时从山西省晋城市政府新闻办获悉截至日时通过鉴定二广高速晋城段岩后隧道事故目前确认了名遇难者身份有关部门反复勘验调查确认损毁车辆部现场有人逃生其中人抢救无效死亡事故发生以来陆续有群众申报失踪失联人员名因现场情况极其复杂确认遇难人数难度很大鉴于现场搜集的大部分遗体残骸高度碳化有关专家已赶赴现场给予技术支持同时公安机关已组织专门力量通过车辆信息户籍资料亲属印证同乘人员证实等措施进一步确认其他失踪失联人员身份日时分二广高速晋城段岩后隧道内两辆载有液态甲醇的重型罐车发生追尾并引发起火爆炸晋城市政府新闻办日曾通报称事故现场搜救工作结束现场发现具遇难者遗体名伤者因抢救无效死亡,交通事故
厦门货车连撞四车致死伤涉案人员被警方控制年月日厦门网厦门日报讯记者应洁曾嫣艳通讯员厦公宣月日时分许在国道线集美坂头路段发生一起因大货车碰撞小轿车公交车及两辆摩托车造成人当场死亡人受伤的道路交通事故相关涉案人员已被集美警方控制经初步调查月日下午驾驶人张某双男岁湖北人驾驶厦门锕伟建材有限公司的闽重型大货车从同安往漳州方向行驶至国道线时在交叉路口处碰撞闽小轿车后向左方避让时又碰撞对向行驶的两辆摩托车及闽公交车当场造成人均为摩托车驾乘人员死亡人受伤事故发生后集美交警大队立即启动重大道路交通事故处置预案组织警力赶赴现场处置救援市长助理市公安局局长林锐亲临现场指挥协调现场救援工作市公安局市安监局集美区和交警支队等市区相关部门主要领导先后到达现场组织现场各项应急处置工作由于现场指挥协调有力各部门单位密切协作形成合力确保了应急救援工作有条不紊地进行伤者及时得到救治事故现场的勘察死者的善后处理以及交通组织现场清理工作顺利完成目前事故路段交通已经恢复正常名伤员送医接受治疗案件正在进一步调查中,交通事故
潍坊一辆捷达轿车为躲过路行人六车接连相撞潍坊新闻网月日讯月日上午时许在奎文区文化路与东风东街交叉口西侧米处发生一起交通事故一辆捷达轿车为躲避一名骑着电动车横穿马路的行人紧急刹车后车避让不及导致了一场车连环追尾事故所幸并未造成人员伤亡记者赶到现场看到辆事故车仍停放在马路中间所幸并未造成人员伤亡由于当时恰好是中午下班的高峰时间过往车辆很多事故导致轻微堵车记者留意到辆车均不同程度受损其中排在最前面的是一辆捷达轿车紧随其后的是两辆出租车两辆出租车受损均较为严重其中前面的出租车车前盖发生变形前保险杠左侧脱落左前车灯粉碎后面的出租车后保险杠破裂脱落尾灯几乎报废车左后门已关不严据该车司机估计维修费需要几千元驾驶捷达轿车的是一名年轻小伙在路口有名男子推着电动车就往前走捷达轿车司机急踩刹车躲避刚刹住车就听见后边传来砰的一声交警经现场勘查发现本次事故的主要原因是司机没有保持好车距没有及时规避前车事发半小时后保险公司的工作人员赶到现场迅速进行了处理路面恢复通畅,交通事故
怒江兰坪发生一起交通事故人死亡人受伤星期六日前兰坪白族普米族自治县石登乡境内三山矿区发生一起道路交通事故造成人当场死亡人送往医院途中因失血过多死亡人受伤据悉日时分昆明市官渡区籍驾驶员易某驾驶车牌为云轻型普通货车车辆核载人实载人从石登乡大竹箐村委会驶往回龙村委会灰山矿山车行至回龙村委会灰山矿山自用公路米处时车辆翻下米边坡人当场死亡易某等人送往医院途中因失血过多死亡人受伤事故发生后兰坪县委县政府立即组织公安交警安监卫生等相关部门迅速开展救助和处置工作目前受伤人员经兰坪县人民医院初步治疗后应伤者单位要求已先后送往大理和昆明救治事故处置和善后工作正有序开展事故原因正在调查中,交通事故
北京中巴车超车坠入山谷人受伤作者佚名新闻来源京华时报本报讯记者肖岳实习生沈佳音段九如昨天上午点分密云县国道司马台长城往涿州方向米处一辆河北牌照的中巴客车在超车时为躲避迎面开来的轿车撞上山体随后客车滚入多米深的山谷中造成人受伤其中人受重伤,交通事故
京珠高速韶关段高速大巴撞货车人死日头条昨天凌晨时分左右京珠北高速公路乳源东田段北行方向发生特大交通事故一辆高速行驶的大客车追尾撞上故障大货车共造成人死亡人重伤人轻伤人轻微伤目前大客车司机已被警方控制昨天凌晨时分左右京珠北高速公路北行方向发生一辆高速行驶的大客车追尾撞上故障大货车的特大交通事故共造成人死亡人重伤人轻伤根据统计受伤者中最小的刘玉华年仅岁最大的贾王今年岁,交通事故
运煤车躲小轿车侧翻本报讯记者雷娜昨天上午时许顺平路北窑上桥南两公里处一辆满载煤炭的大货车为躲避前方突然并线的小轿车失控侧翻到逆行车道事故中司机受伤昨天上午记者在现场看到一辆挂着京牌照的黄色大货车向左侧翻在顺平路由北向南车道车前风挡玻璃碎落一地车上的煤倾倒在地上几名工人正在向前来救援的铲车上装煤准备拉走目击者李先生说装煤的货车本是由南向北行驶为了躲避前面突然并线的小轿车而侧翻车翻后滑行到了逆行车道车头还转了度事后交警赶到现场封锁了由北向南的车道并疏导出京车辆改道非机动车道行驶,交通事故
武黄高速车追尾引发大火致人死亡本报讯记者周琦谭经田通讯员高巡蔺善波实习生王维昨日凌晨武黄高速公路武黄向公里处发生车追尾的交通事故剧烈撞击导致车辆起火燃烧省高管四大队鄂州消防支队武黄路政等部门闻警积极进行救援迅速恢复交通事故造成人死亡多人受伤目前部分伤者被送到黄石市二医院救治昨日凌晨时分驾驶员李某驾驶鄂轿车行驶至武黄向公里处时因前方道路堵塞停在驾驶员徐某驾驶的鄂重型平板半挂货车后面随后一辆鄂半挂货车从后方行车道内驶来撞上鄂轿车半挂货车起火燃烧并引燃其他车辆接警后省高管支队四大队民警在分钟内赶到现场由于火势逐渐扩大已造成交通堵塞并对其他车辆造成威胁赶到现场的民警立即分成几个小组一个组负责划定警戒区域组织人员灭火一个组负责在堵塞的车辆后方进行警戒一个组负责在泽林站口分流武汉至黄石的车辆同时迅速向鄂州市消防支队请求支援,交通事故
海口小货车商务车相撞致死伤事故原因正在调查年月日来源海南特区报昨日凌晨时分海口市灵山镇往机场老路方向公里处发生一起交通事故两车相撞造成死伤时分消防官兵到现场时民警和医务人员已开展救援一辆小货车与一辆商务车相撞两车车头严重变形商务车驾驶室内有名男子被困另外现场还有男女共名人员不同程度受伤小货车有漏油现象随后消防官兵利用无齿锯和铁梃等破拆工具对商务车的副驾驶室进行破拆同时用水枪对小货车泄漏的汽油进行稀释时分消防官兵成功将名被困人员救出并转交医务人员但经医务人员确认名被困人员已无生命迹象目前事故原因还在调查中通讯员吕书圣记者钟起的,交通事故
海南环岛高速公路发生一起交通事故人死亡年月日来源新华网新华网海口月日电记者罗羽月日零时分海南省定安县境内环岛东线高速公路海口往三亚方向公里处发生一起小轿车与油罐车追尾相撞引发起火交通事故该事故造成小轿车人员人当场死亡其中一人为未成年人记者从定安交通局获悉经初步调查车牌号为琼的油罐车属海南省公路材料供应站危险货物运输车队装载吨号汽油从马村运往三亚途中被车牌号为琼的悦达起亚车追尾发生起火交通事故事故发生后省消防总队立即调集海口支队车人琼海支队车人万宁大队车人到场增援时分增援力量全部到场时分火势被扑灭在整个灭火的过程中未发生爆炸等次生治安火灾灾害事故当日时分东线高速公路三亚往海口方向的路段全线畅通至当日时分东线高速公路海口往三亚方向定安段已全线畅通事故车辆已全部吊开油罐内剩下约吨号汽油也被安全转移据介绍事故发生主要原因系琼小轿车驾驶人追尾所致,交通事故
包固公路发生五死特大交通事故包头新闻网发布时间年月日包头晚报讯记者贾荣月日时左右在包固一级公路公益民段发生一起特大交通事故一辆尼桑轿车追尾一辆重型货车尼桑轿车内的三男两女全部死亡当日时左右一辆牌照为蒙的尼桑轿车沿包固一级公路由西向东行驶行至包固一级公路与固察路交叉路口时撞上了一辆停在道路右侧的运铁粉的大货车据目击者介绍事故发生后尼桑轿车大部分车体嵌入大货车尾部碎片遍布现场事故发生后固阳交管大队及时赶到现场展开调查消防固阳中队也赶到现场施救因轿车和大货车尾部紧紧咬在一起消防官兵只能将轿车拖出后再实施救援经过五分钟牵引轿车被消防救援车拖出约分钟后两男一女三名伤者被救出由于轿车严重变形车门无法打开消防官兵使用扩张器扩张车内空间又使用破拆工具将前门破拆当日时分轿车主副驾驶的一男一女被救出经医务人员检查确认五人已经没有生命体征记者从固阳县交管大队获悉尼桑轿车是固阳县公益民铁矿职工叶某某个人所有大型货车是包头市金利丰运输有限公司所有驾驶员李某某事故发生后大型货车车主李某某报警后弃车离开现场月日凌晨时左右李某某到固阳交管大队投案目前事故仍在进一步调查中,交通事故
加纳发生重大交通事故致人死亡年月日来源新华网新华网阿克拉月日电记者林晓蔚加纳中部省日中午发生一起辆车相撞的严重交通事故已确认人死亡据当地媒体报道事故发生在加纳中部省一个名为安塔多的小村庄附近距首都阿克拉约公里当时一辆重型卡车因爆胎失控撞向一辆奔驰小型巴士巴士上载有至少名乘客连带被撞的还有一辆丰田皮卡但皮卡车内乘客均幸免遇难圣诞节和新年是加纳的车祸高发期因外出旅行的家庭较多据统计加纳每年约有人死于道路交通事故,交通事故
交通事故导致司机被困消防队员赶赴现场紧急营救来源中国网中国网月日讯月日上午时分晋江市灵源街道好日子超市门口一辆平板载货车与一辆货车发生碰撞致使货车司机被困接警后灵源派出所民警带领该所消防队员迅速赶赴现场到达现场后民警发现两车碰撞后货车驾驶室严重变形司机被困在驾驶室内司机右腿被车头变形的零部件卡住只要将变形的车门切割掉就可以将被困司机救出了解情况后消防官兵立即展开救援救援人员首先利用液压扩张器撬棍将变形的车门撬开再用液压扩张器对司机右腿的地方进行了扩张营救过程中民警积极与被困司机交谈稳定其紧张情绪经过分钟的奋力营救被困司机被成功解救等候在一旁的救护车迅速对其进行简单包扎后送往医院救治冷竹陈晖万颜显冰,交通事故
多哥发生重大交通事故致人死伤年月日新华网洛美月日电记者张改萍多哥官员日说一辆大客车日晚在多哥横跨南北的国家一号公路上与迎面而来的载重拖车相撞造成人死亡人重伤当地官员对此媒体说事故发生在当地时间日时一辆座的大客车在距首都洛美以北公里的高原区阿塔帕梅南部的公路上与迎面而来的载重拖车相撞造成辆车连环相撞据初步统计死亡的人中有人是大客车上的乘客其中有名布基纳法索人名尼日利亚人其余为多哥人另两名死者是载重拖车上的乘员另有人伤势严重包括名另一辆小巴上的乘客这是多哥年年初以来发生的第三起严重交通事故今年月多哥北部卡拉区代法莱市山区发生客车与卡车相撞事故造成至少人丧生多人受伤月一辆行驶在代法莱附近的小巴制动系统出现故障在坡道上连续次翻滚造成人当场死亡人受伤,交通事故
赤峰市境内发生一起特大交通事故致死伤新华网内蒙古频道月日电宋景军据内蒙古赤峰市公安局日披露赤峰市日前发生一起面包车与大货车相撞事故造成人死亡人受伤据了解月日下午分左右在线喀喇沁旗牛家营子段发生一起特大交通事故因当时突降暴雨一辆牌照为蒙的面包车与一辆牌照为蒙的大货车相撞造成人死亡人受伤目前事故正在进一步处理中完,交通事故
四川广邻高速发生连环追尾交通事故致死伤年月日中新网成都月日电刘忠俊陈勇日四川广邻高速邻水至广安方向华蓥清溪口大桥路段发生多车连环追尾的交通事故致人死亡人受伤现场一位张姓目击者称事发路段阴雨绵绵公路上车辆已堵成长龙车祸现场围观者聚集一段事故现场地上横七竖八的散落着一些木板一辆白色面包车受伤严重车上还有人员被困事故发生后高速交警路政高速公路管理方迅速赶到现场处置并关闭该段道路接到报警求助的当地消防部门也迅速调集辆消防车赶赴现场营救受伤被困者事故现场先前抵达的救援人员已营救出部分被困者并被急救人员送往当地医院救治一辆长安面包车出现漏油车内一受伤的被困者因车辆变形无法救出情况十分危急救援官兵一边疏散围观民众一边用水对车辆漏油进行稀释救援组官兵使用破拆工具对长安车进行破拆并将面包车与槽车进行分离增大救援空间通过扩大车内空间成功将被困的伤者救出经急救医护人员现场查验伤者已无生命迹象目前事故现场交通已恢复通行事故具体原因高速交警正在调查中,交通事故
八达岭高速因多车追尾人死亡封闭小时本报讯实习生彭科峰吴旖旎记者任冠军昨天凌晨点半左右八达岭高速出京方向距康庄收费站公里处辆大货车发生追尾致人死亡人受伤受事故影响该路段封闭个多小时目击者周立军说当时天色比较暗高速路上由西向东行驶的汽车车速都很快临近康庄收费站时一辆大货车突然减速刹车其后的多辆货车也相继刹车造成车追尾事发后汽车零件散落一地第三辆追尾货车横在马路中间且有漏油现象一辆拉钢管的大货车受损严重整个驾驶室被撞瘪驾驶室内的名男子被夹在中间无法动弹车上所载的大量钢管掉落地面其他车辆受损均不严重,交通事故
浙江黄岩一客车与轿车相撞两死两重伤数人轻伤新华网杭州月日电据今日早报报道日时许浙江台州黄岩区境内发生一起大客车与轿车相撞事故造成两死两重伤数人轻伤当时有目击者称一辆从黄岩开往宁溪的大客车与宁溪开往黄岩的一辆普桑轿车在北洋镇官岙村拱沿线公里处路段一转弯处碰撞车内共有人两车相撞后轿车内的司机奄奄一息因车被撞得变形司机被卡在车内黄岩区北洋镇派出所民警和当地交警赶到现场救治民警赶到后想办法把他救出司机终因伤势过重死亡轿车内另一名乘客在送医院途中死亡另两人被送到医院急救目前尚在救治有近个座位的大客车则侧翻到水田车头左侧受损所幸大客车上司乘人员均无大碍目前警方对事件原因正在做进一步调查,交通事故
南昌一男子酒驾引发交通事故以小便为由伺机逃跑年月日今视网月日南昌讯张飞记者良保实习生夏娅日晚南昌市坛子口立交三层发生一起交通事故一名酒驾男子开车发生交通事故被另一辆车的车主识破并欲借小便为名伺机逃跑据南昌市青云谱交警大队处理事故民警介绍昨晚时许接指挥中心指示在省城坛子口立交三层处发生一起两车相刮的交通事故要求交警赶往现场接指令后交警立即赶往现场后按照事故处理流程拍照取证告知双方驾驶员缡驾驶证和行驶证撤离现场将事故车辆停放至不影响交通的地方处理事故民警告诉记者因该男子一身酒气被另一方女司机闻到并告知我们这一情况经查确实该男子身上有酒气于是将其带往九四医院进行抽血在等待中该男子先是开车往后倒准备开车逃离被民警拦停并收缴了该车钥匙后该男子又以小便为名到坛子口立交桥下去上厕所后往解放西路逃跑于是民警紧紧跟着他最终男子因体力不支被民警抓获目前民警正在等待验血报告若男子涉嫌饮酒后驾驶机动车的将处暂扣六个月机动车驾驶证并处一千元以上二千元以下罚款若醉酒驾驶机动车将吊销机动车驾驶证依法追究刑事责任五年内不得重新取得机动车驾驶证,交通事故
广西南丹交通事故致死伤一人伤势较重新华网南宁月日电记者张记者日时许从广西河池市南丹县宣传部门了解到日时左右当地车河工业园区约公里处发生车祸一辆往南丹方向的贵州大客车与一辆成都大货车相撞客车翻下山沟导致死伤其中人伤势较重初步核实客车司乘人员共人当地宣传部门人员介绍大客车翻下公路右侧多米深的山沟人当场死亡救援人员赶到后从客车上拉出具遗体另两具遗体仍困在客车上救援人员在客车上对两名被困受伤者现场施救目前遇难者遗体已被拉走伤员均已被从客车上转移出来送往附近医院救治其他未受伤人员已被安置在当地交通宾馆救援人员正在增加吊车组织施吊客车并与贵州客车方对接,交通事故
河北唐山大货车与轿车相撞致死伤中新网唐山月日电记者白云水记者今天从唐山交警支队获悉二十六日晚七时许唐山境内发生一起重大交通事故一大货车与一辆小轿车对头相撞造成两人当场死亡一人重伤一人轻伤据介绍事故发生在唐钱路后于家店附近据交警事故调查报告显示大货车司机当时驾车正由西向东正常行驶一辆伊兰特轿车突然逆行冲了过来撞在了大货车的一侧后又撞在了路边的大树上据现场处理事故的交警介绍事故现场伊兰特轿车几乎被大货车撞得粉碎到处是伊兰特轿车残骸事发时伊兰特轿车里共有四人其中二人当场死亡剩下两人一人受伤较重一人伤势较轻现已被送到医院进行救治目前事故原因正在调查之中,交通事故
兴义往安龙方向高速路顶效二号隧道内发生交通事故本报讯张通杰记者祝庆庆日下午兴义往安龙方向高速路顶效二号隧道内发生一起交通事故一辆面包车与货车追尾消防官兵经过多分钟的救援面包车司机不幸身亡据了解当日时分兴义大道中队接到指挥中心的派警任务称在兴义往安龙方向高速路顶效二号隧道内发生一起交通事故有一名司机被困请前往处置接警后兴义大道中队立即出动车名官兵赶往现场时分消防救援官兵赶到现场经初步了解情况得知是一辆面包车与前面的一辆货车发生追尾导致面包车严重损毁面包车司机被严重变形的车厢困在驾驶室内不过在消防官兵赶到现场前就已经没有生命特征了解情况后消防官兵用撬棍液压扩张钳等工具经过二十多分钟的努力将司机抬出具体事故原因相关部门正在进一步调查这起事故造成高速路半个小时的堵车现象,交通事故
吨水泥罐车重压蒙迪欧新车惨变易拉罐作者王菲菲新闻来源太平洋汽车网月日中午点分重庆财富中心斜对面十字路口又发生一起重大交通事故死亡一人在事发现场车牌号为渝的水泥罐车头东尾西翻在路口中央紧紧压住一辆白色蒙迪欧而蒙迪欧已成了挤瘪的易拉罐据了解轿车是一辆还未来得及上牌照的新车,交通事故
面包车超车侧翻伤两人本报讯记者周鑫前天凌晨点左右通州区通燕高速出京方向宋庄出口处一辆面包车在超车时侧翻导致车上两人受伤其中一人被甩出车外接警后新华街消防中队迅速赶到现场经查看一辆大货车停在高速路中间距离其不远处一辆面包车侧翻在地碎玻璃散落一地大货车司机刘先生说事发时他正在高速路上正常行驶一辆银灰色小面包车欲从其右侧超车不知道什么原因面包车突然侧翻车内一人被甩了出来不久面包车内有一人爬出来刘先生赶快报警事发后急救车赶到将两名伤者送至附近医院据了解面包车司机伤势无大碍被甩出的男乘客伤势较重正在医院治疗目前事故原因正在进一步调查中,交通事故
河北国道两客车相撞晨报河北专讯月日时分左右在国道河北省黄骅市一个路口两辆客车相撞引发严重车祸事故目前已造成人死亡人受伤其中人伤势严重,交通事故
湖南长潭高速车相撞致人死亡中新网月日电据中国消防在线消息月日晚上时分左右湖南长潭高速公路上发生一起车连环相撞失火事故长株潭三地消防部门共出动消防车台警力余人经过消防官兵近个小时奋力扑救大火被成功扑灭据初步调查有人在此次事故中死亡,交通事故
广西柳州两车相撞致人死亡人重伤中新社南宁三月二十七日电记者周丹钰王刚一辆从贵州开往广东的小车与一辆大客车迎面相撞造成小车上包括司机在内的六男四女共十人当场死亡另外两男子受重伤今日凌晨广西柳州市鹿寨县寨沙镇发生特大交通事故造成十人当场死亡二人受重伤凌晨六时四十分左右在三二三国道九百四十八公里处一辆粤籍大客车与一辆相向行驶的旅行小客车交会时发生碰撞造成小客上的十二名旅客中的十人六男四女当场死亡两人受重伤,交通事故
河南承载学生事故车辆超载人名司机被刑拘中新网驻马店月日电记者杨大勇日记者从河南省驻马店市驿城区委宣传部获悉该区日发生的与货车相撞的承载学生客车超载人两名司机已经被刑事拘留日上午河南省驻马店市驿城区古城乡中学组织学生到驻马店市智明教育培训基地开展社会实践活动点分左右学生们所乘坐的豫宇通客车由南向北行驶到铜山大道与香山路口交汇处时与一辆由北向南行使的豫重型自卸货车发生碰撞造成宇通客车严重受损车上两名学生当场死亡名师生受伤其中名伤势较重日驻马店市驿城区委宣传部对外通报说经当地公安交警部门侦查承载学生的宇通客车核载人实载人超载人货车司机陈新峰涉嫌交通肇事罪宇通客车司机周国忠涉嫌重大责任事故罪已经分别被刑事拘留目前事故的救治抢救和善后处理工作正在进行,交通事故
宁夏固原市车追尾造成苯泄漏人死亡中广网银川月日消息记者许新霞通讯员韩鹏宁夏固原因受雨夹雪天气影响上午约九时左右国道固原汽车站附近路段三辆车发生连环相撞事故造成两人死亡据现场救援人员介绍相撞的三辆车中第一辆车是停靠路边修理中的中巴客车中间一辆是装有化学危险品苯的槽车剧烈撞击造成苯泄漏并起火引燃了前面的中巴车后面一辆装有大米的货车车头起火严重变形货车驾驶位和副驾驶位两人死亡消防官兵通过冷却稀释等方法紧急处理已经将明火扑灭控制住了苯泄漏带来的危害目前路政吊车正在对事故车辆进行清障处理因为事故路段距离居民点较远没有引起人员恐慌但自事故发生后所在路段已经全面封锁据现场目测被堵车辆达上百辆,交通事故
乌兰察布市发生特大交通事故人当场死亡日早时许国道乌兰察布市察哈尔右翼后旗大陆号收费站北公里处发生一起交通事故面包车内名乘客全部死亡事故原因是一辆银白色小面包车和一辆解放牌大货车相撞造成据死者家属介绍他们是来自乌兰察布市兴和县二十号地村的村民欲前往察哈尔右翼前旗礼拜寺做礼拜车上共有女男他们乘坐的银灰色面包车由北向南行驶与一辆货车相撞车上名乘客当即死亡验尸结束后尸体已经由家属认领并作善后处理事故发生后内蒙古交警总队及乌兰察布市交警支队工作人员赶到现场对事故进行妥善处理事故原因正在进一步核查中完,交通事故
广州发生特大交通事故酒驾司机开假军车撞死人昨天凌晨在广州黄埔大道隧道发生一起交通事故一辆悬挂假军牌的小轿车撞上一辆施工车辆造成一名施工人员当场死亡另有人送院抢救无效身亡目击者称肇事车辆超速行驶警方表示肇事司机所驾驶车辆的号牌及证件均为伪造并涉嫌酒驾目前已被刑事拘留本报讯记者王通讯员交宣昨日记者从广州市交警部门获悉昨日凌晨时分左右一辆使用假军牌的小客车在黄埔大道隧道与施工车辆及现场施工人员碰撞造成人死亡的特大交通事故小客车司机涉嫌酒后驾驶经初步调查事发时肇事司机方某男岁广州人驾驶一辆悬挂部队号牌小客车沿黄埔大道由东往西行驶至黄埔大道隧道路段时碰撞正在道路上施工的工作人员及粤号施工车辆造成施工人员人当场死亡人受伤送医院经抢救无效于当日死亡经核实肇事司机方某所驾驶小客车的号牌及证件均为伪造并涉嫌有酒后驾驶等违法行为目前肇事司机方某已被警方依法刑事拘留事故原因仍在进一步调查当中市公安交警部门表示将进一步加大对涉牌涉证车辆和酒后驾驶等严重交通违法行为的整治力度在此也再次提醒广大驾驶员为了您和他人的安全请切勿酒后驾驶自觉做到饮酒不开车开车不饮酒,交通事故
椹川大道北与康强路交汇处发生重大交通事故致死伤碧海银沙网讯今天日下午起梁姓李姓苏姓陈姓吴姓等市民纷纷来电说赤坎椹川大道北发生重大交通事故巡城马迅速到场采访一辆鱼峰大型水泥搅拌车从霞山方向行至椹川大道北右转康强路时突然侧翻倒地一骑自行车老人和小女孩被倾泻的水泥和石子埋了半截并当场死亡而一骑电动车妇女被车头撞上并被车轧住右脚导致因碎裂而严重受伤事故发生在椹川大道北与康强路交汇处据不少目击者介绍下午两点半左右一辆鱼峰大型水泥搅拌车从霞山方向行至椹川大道北右转康强路时突然侧翻倒地致使车上水泥和石子倾泻于路面令人惨不忍睹的是整车翻倒的瞬间先是车头撞上迎面而来的一名岁左右骑电动车的妇女并轧住其右脚导致其脚碎裂严重受伤接着车身及倾泻的水泥将刚好从车身旁经过的骑自行车的一岁左右老人和约十二三岁的小女孩埋了半截导致老人和小女孩当场死亡司机则敲碎车窗自行逃出只受轻伤事故发生后市赤坎区公安交警消防等火速到场处置骑电动车妇女被立即送到医院救治又调来辆大型吊车将水泥搅拌车吊起将被轧的老人和小女孩救出来并急救但最终无法救回两人的生命现场人山人海目前具体的事故原因正在全力侦察中,交通事故
昆石高速车连环相撞年月日当日云南石林风景区至昆明的高速公路上连续发生起交通事故共有辆汽车相撞目前已造成至少人死亡多人重伤事故原因正在调查中,交通事故
跑车撞护栏四轮朝天车内两女一人无碍一人受伤年月日本报讯记者张武昨天凌晨点半工人体育场北路一辆三菱跑车撞到路中央的护栏后四轮朝天翻倒在路上车内两名女子一人无碍一人面部受伤事故导致余米长的一段隔离护栏被撞倒肇事的红色三菱跑车四轮朝天躺在地上跑车前部受损严重车内的一些物品也被甩到路上事故导致现场周围道路拥堵两名交警在现场疏导目击者周先生说凌晨点半他在家中听见外面咣的一声响从窗户中看到是一辆跑车翻倒在路中央周先生赶出来准备救人时车里两名女子已自行爬出其中一人捂着右脸鲜血不停从其指缝处涌出随后两名女子被送到武警医院其中面部受伤的女子伤势较重伴有昏迷状态另一人并无大碍,交通事故
两车追尾当场死伤昨日清晨时许新国道锡沪路段发生一起交通事故一辆卡车与一辆面包车发生追尾事故共造成车内人死亡其余人不同程度受伤至下午点发稿时名伤员中有人仍在抢救中在事故现场面包车被撞得面目全非地上全是玻璃碎片受轻伤的卡车司机慌张地说当时卡车内就其一人车子下坡时前方车辆很多不知怎么回事两车就撞在一起了面包车里的受伤乘客说他们车内当时有人一早从张泾出发的不料却遭此意外面包车内的那名死者来自四川车祸发生后伤员被立即送往锡山人民医院抢救,交通事故
天门妇女结伴去打工京山遇车祸死伤年月日前日凌晨汉宜线京山段发生特大交通事故一辆三轮车与大货车相撞导致人当场死亡两人受重伤两人受轻伤据了解天门市石河镇的名妇女于前日相约一起到京山县的雁门口去打零工帮当地的农户摘花生当晚请了邻村冯某的一辆货三轮送她们到京山雁门口前日凌晨时左右名妇女上了货三轮当车行至汉宜线京山钱场段省道处时与迎面而来的一辆拖石灰的京山籍大货车相撞当时只觉得一阵轰响三轮车突然翻滚随后就失去知觉伤势较轻的龚小香回忆等醒来时才发现三轮车已翻到路边名同伴已血肉模糊当场死亡另两名同伴受重伤她与在一旁呻吟的刘某还较清醒事发后路过的司机帮忙拨打报警随后京山交警赶到现场施救将伤势较重的王某贾某送入当地医院救治日前肇事大货车司机和货三轮司机被警方控制事故原因尚在调查中,交通事故
湖北二广高速路大客车翻覆人受伤中新网荆门月日电吴奇勇日凌晨时分许二广高速公里米处湖北省荆门市沙洋县纪山镇付场村路段一辆北京开往湖南张家界的车号为湘大客车发生车祸客车翻覆到高速护栏下导致人受伤重伤有人其中危重人据参加现场救助的湖北省沙洋县宣传部副部长段红蕾介绍接到报警后事发地湖北荆门市副市长周松青和沙洋县委书记梁早阳等第一时间赶到现场组织当地公安消防卫生等部门紧急施救名伤者中除两人送往荆门市石化医院外其他全部就近送往湖北省荆州市多家医院救治名伤者中有重伤人其中危重人据现场施救的湖北高警总队三支队支队长韩介绍经初步调查湘大客车为湖南省张家界汽运公司第二直属分公司车辆事发时由北京开往张家界当时大客车向左过中央隔离带再冲开对向车道护栏翻覆到护坡下客车事发时载客人截止记者发稿时伤员已经全部送往医院治疗高警和路政人员仍在清理现场二广高速事发地段通行未受影响事故原因还在进一步调查中,交通事故
合肥高速两车相撞人死亡人受伤新华网合肥月日电记者程士华记者从合肥市交警部门获悉日凌晨合合肥宁南京高速公路上一辆货车与一辆大客车相撞截至记者发稿时这起事故已造成人死亡人受伤据处理事故的合肥市交警支队高速公路一大队交警介绍月日凌晨时许一辆挂着江苏牌照的大货车在行经合宁高速公路合肥南京处时与来自河南省信阳市的一辆大客车相撞事故发生地点位于合肥市境内目前已造成人死亡人不同程度受伤合肥市委市政府高度重视市政府分管领导率市公安安监卫生等部门主要负责人于第一时间赶赴现场部署指挥救援工作并到医院看望事故中受伤人员同时要求市有关部门全力救治受伤人员立即开始事故调查认真做好善后工作,交通事故
五位清华博士后沧州出车祸月日上午时分京沪高速公路沧州服务区附近一辆由北向南行驶的金杯面包车撞到高速公路护栏上车上名清华大学博士后研究人员及名司机受伤被紧急送往沧州二医院抢救截至发稿时仍有一名张姓博士后研究人员尚未脱离危险,交通事故
澄城一工商执法车撞上摩托车人死亡人重伤年月日本报渭南讯党博记者张军建月日晚时分澄城县古徽街九路口发生一起重大交通事故该县工商局一名工作人员驾驶的一辆面包车与一辆摩托车相撞后翻车车祸造成人死亡人重伤月日晚时分左右在澄城县古徽街九路口一辆车牌号为陕车身喷有的白色面包车由北向南行驶中与迎面而来的一辆摩托车相撞两车相撞后面包车翻倒在地将摩托司机压在车下车祸造成面包车司机马正平以及摩托车上的张某和殷某身负重伤民警和急救车先后赶到现场三名伤者被紧急送到澄城县人民医院抢救马正平与殷某经抢救无效死亡据目击者称事发时面包车由北向南行驶当时车速很快车身摇摆的很厉害车祸发生时面包车完全靠着路南逆向行驶致使惨剧发生昨日下午在澄城县人民医院据一位姓张的医务人员告诉记者月日晚上时月日凌晨时马正平与殷某因伤势严重经抢救无效死亡伤者张某因头骨骨折目前还在抢救中据了解面包车司机马正平为澄城县工商局大市场工商所聘用的工作人员其主要负责澄城县交通乡雷家洼乡的工商管理费征收工作,交通事故
超载中巴迎面撞上大客作者佚名新闻来源新京报本报讯月日时分在国道河北黄骅市滕庄子乡康庄子路口一辆大客车和一辆中巴客车迎头相撞截至昨日时已有人死亡另有人受伤其中人伤势较重目前这些伤者正在医院进行救治,交通事故
摩托车撞大货一死一伤年月日本报讯实习生苏季昨晨大兴亦庄开发区一路口发生车祸一辆摩托车与货车相撞造成摩托车上人员一死一伤事故发生在同济南路与景园街相交的十字路口处目击者张先生说早上点半左右一辆摩托车和一辆路过大货车相撞摩托车上两人摔了出去张先生说两人当时都没戴头盔,交通事故
海文高速小汽车交通事故致死伤年月日南海网月日消息月日下午时左右海文高速公路文昌至海口方向公里处发生一起重大交通事故酿成死伤的惨剧日下午时分文昌市公安消防支队接到增援海口支队的命令在海文高速文昌至海口方向公里处一辆车牌号为琼的小汽车发生交通事故车上名乘客被困情况紧急下午时分文昌消防支队官兵到达现场经过现场观察了解车上包括司机在内共有人司机已当场死亡另有名儿童名成人受伤被困车中在海口消防支队与文昌消防支队官兵的共同努力下所有受困人员最终被全部解救出来并送往医院进行治疗目前事故发生的具体原因交警部门仍在进一步调查中,交通事故
北京北六环车连撞拥堵公里长达两个多小时昨天中午北六环内环酸枣岭桥西公里处一辆奔驰与一辆斯柯达追尾后失控先后与邻近车道上的两辆货车相撞奔驰司机受轻伤受此事故影响北六环内环方向交通拥堵两个多小时据目击者介绍昨天中午点左右一辆奔驰车在中间车道高速行驶砰的一声与前方一辆斯柯达追尾奔驰车随即失控左右摇摆数下后并入内侧车道又与两辆货车相撞事发后辆车七扭八歪地横在路中央过往车辆急忙避让条车道全被占了根本开不动目击者称事发后辆车司机分别下车其中奔驰司机头部流血但意识清醒随后多名交警陆续赶到将北六环内环方向封锁昨天下午点半北六环的堵车队伍已延至距事发地点约公里的百善桥记者赶到现场时奔驰车刚刚被运离斯柯达停在路旁尾部凹陷变形几名道路养护工人正在清理遗洒的柴油和碎玻璃现场交警表示奔驰车因车速过快导致事发初步确定司机未饮酒责任认定工作仍在进行中昨天下午点多路面清理完毕北六环内环交通逐渐恢复正常,交通事故
浙江高速公路辆车因大雾相撞中新社杭州十二月四日电杨蓥晖徐晓君今日上午八时三十分许受大雾天气影响浙江杭金衢高速公路诸暨段发生一起重大交通事故三十三辆车连环相撞事故造成一人死亡一人重伤六人轻伤一千余辆过往车辆滞留事发后第一时间赶到的高速交警消防官兵和医务人员及时将被因人员救出并送往医院抢救一现场救援人员称高速公路上面近五百余辆汽车排成了长龙准备上高速的几百辆汽车也被迫滞留交通一时瘫痪在事故地点的路面上到处都是撞碎的玻璃碎片和汽车零部件目前相关部门对事故原因正在进一步调查处理中,交通事故
富阳段发生重大交通事故人死亡人重伤年月日中新浙江网月日电记者杨蓥晖月日早上省道富阳市新登镇军堰村附近发生一起两辆机动车相撞的重大交通事故造成人当场死亡人重伤事故发生后杭州市公安局卫生局安监局和富阳市委市政府及公安有关乡镇的负责人迅速赶赴现场组织抢救伤员勘察现场并对下一步的工作作出部署杭州市蔡奇市长指示请富阳市全力组织抢救重伤人员并做好善后工作查明事故原因举一反三防止事故再发生据了解当天早上时分左右富阳人吴某驾驶一辆丰田轿车由富阳方向驶往新登方向途经省道公里米附近轿车翻过道路中央隔离花坛与对向车道相对方向行驶的叶某某驾驶的金龙牌大客车相撞造成驾驶人吴某及车内的名乘客当场死亡另外名乘客受伤其中人为个月大的婴儿轿车损坏严重截至下午发稿时止另名坐在轿车内的乘客经抢救无效死亡该交通事故的发生引起了各级领导和政府部门的高度重视杭州市公安局党委副书记常务副局长郑贤胜在抢救现场指出要本着对人民群众生命安全高度负责的态度不惜一切代价抢救伤员同时竭力做好事故的调查和处理工作有关部门要全力查明事故原因依法客观公正明确界定事故责任同时举一反三吸取事故教训强化交通安全的主体责任从源头上加强交通安全管理富阳市委常委常务副市长汤金华要求富阳市有关部门深入细致地做好善后工作从维护群众利益和维护社会稳定的大局出发明确各自的职责千方百计地抢救伤员调查事故原因严格按照法律法规的规定客观严密认真地对事故进行调查和处理目前公安机关正在对该事故进行周密调查,交通事故
合肥发生一起特大交通事故造成人死亡受伤中安在线月日讯月日下午在省城徽州大道公里牌石处发生一起特大交通事故两辆货车发生相碰导致人当场死亡人受伤其中人伤势较为严重市公安局交警支队三大队滨湖中队接到报警迅速赶到现场紧急展开救援和事故勘察工作合肥市政府市公安局有关领导高度重视分别赶往事故现场并责成有关部门妥善处理善后事宜当日下午时分许驾驶人杜中伟男音驾驶皖号江淮牌轻型厢式货车沿徽州大道由北向南行驶至徽州大道与方二路口南米处时与长丰县造甲乡驾驶人尹卫国驾驶的皖号东风牌重型普通货车由南向北逆向停在西侧路边道路施工车前放置了施工标志发生正面相碰造成人当场死亡另有人受伤其中人伤势较为严重均无生命危险皖号江淮牌轻型厢式货车上死伤其余死伤者为道路施工人员目前合肥市第三人民医院收治名伤者武警医院南区收治名伤者据交警三大队事故处理人员初步判断皖货车驾驶人系超速和疲劳驾驶而引发交通事故目前这起交通事故仍在进一步处理中,交通事故
陕西西汉高速多辆车连环相撞死伤中新社西安十月十日电记者冽玮记者从陕西有关部门获悉刚刚开通不久的西安至汉中高速公路八日发生重大交通事故三十多辆车连环相撞目前共导致四人死亡十六人受伤西汉高速公路单幅中断已超过三十个小时据了解二二年九月开工的西安汉中高速公路穿越秦岭和巴山连接关中平原和汉中平原通往成都平原是国家高速公路北京昆明线路在陕西境内的重要组成部分公路全长两百五十五公里共有桥梁五百四十座隧道一百三十六座于今年九月三十日正式通车十月八日西汉高速汉中到西安方向涝峪段发生多起交通事故造成三十多辆车不同程度相撞并导致四人死亡十六人受伤西汉高速公路汉中到西安方向路段被迫中断有知情者透露由于十月八日系西汉高速公路第一天对大货车放行大批大货车进入高速路一些司机驾车车速过快对路况不熟悉加之由南向北这一路段基本都是下坡路前方发生事故后刹车不及或刹车失灵才导致多起事故发生记者从陕西省高速集团了解到西安到汉中高速公路从八日中午起被迫实行单幅通行大量从汉中前往西安的车辆滞留于汉中龙亭收费站附近路面上持续时间已超过三十小时完,交通事故
新疆塔里木沙漠伴行路发生特大交通事故死伤新华网月日电月日时许塔里木沙漠公路伴行路发生起一起特大路外交通事故一辆小轿车与一辆小客车相撞造成人当场死亡名司机受伤记者从新疆公安厅交警部门了解到发生事故的两辆车均属和田地区日上午一辆车号为新的小轿车行驶到塔里木油田轮南镇至库尔勒市管道检修伴行公路公里处时与一辆车号为新的小客车相撞造成小轿车车内名女性当场死亡两车司机受伤据了解发生事故的路段位于新疆巴音郭楞蒙古自治州境内的轮南镇至库尔勒市之间属封闭道路主要是塔里木油田检修油气管道的伴行公路禁止社会车辆通行事故发生后巴音郭楞蒙古自治州党委人民政府迅速派出由公安安监等部门组成的工作组赶赴现场立即将受伤人员送往医院救治并开展道路疏通死者身份调查和善后处理等工作目前事故原因正在调查中,交通事故
京珠高速郑州往焦作方向辆车连环相撞中新网月日电据中国消防在线消息月日京珠高速郑州往焦作方向公里处发生一起车连撞事故造成余人被困道路一度堵塞近个小时河南焦作武陟消防官兵闻警出动奋战个小时成功解救所有被困人员,交通事故
国道密云段现惨祸客车农用车相撞致人亡年月日京华时报昨天下午点多国道密云县庄头峪村附近路段上一辆开往承德载有多名乘客的依维柯车与一辆拉矿石的农用车相撞事故还殃及一辆捷达轿车事故共造成人死亡人重伤人轻微伤事发后市领导及相关单位负责人赶往现场指挥救援并前往医院探望伤者据了解事发客车涉嫌超载农用车司机已被警方带走讯问,交通事故
四川雅江县发生重大道路交通事故造成死伤中新网雅江月日电刘忠俊记者日晚间从四川甘孜州政府办获悉该州境内的雅江县发生一起重大交通事故已造成人死亡人受伤据雅江县政府报告日时分左右雅江县恶古乡境内一辆农用车车载人发生重大道路交通事故致人死亡其中名小孩人受伤伤者中有人伤势较重接到事故报告后甘孜州委州政府立即启动重大交通事故应急预案迅速成立事故调查处理工作组相关领导率安监公安卫生等工作组赶赴事故现场展开善后及事故调查甘孜州相关领导要求要采取一切措施抢救伤员最大限度减少伤亡迅速开展事故调查处理工作严厉追究事故责任者目前伤者已被送往雅江县医院救治甘孜州代理州长益西达瓦任已率领工作组赶到现场开展善后事故调查等工作事故原因调查组正在进一步调查核实中,交通事故
江西景德镇客车相撞致人死亡余人受伤本报讯记者童福萍摄影报道昨日上午在景德镇昌江区鱼山镇弯头坞附近一辆上饶鄱阳开往浙江衢州的客车与一辆景德镇开往乐平的客车相撞其中景德镇开往乐平的客车拦腰被撞人当场死亡据了解死者均为景德镇客车上的乘客男女两客车司机均身受重伤至少造成人受伤,交通事故
苏州三车追尾造成死伤月日晚时许位于苏州吴江市苏震桃公路与天鹅荡路十字路口发生三车追尾特大交通事故共造成死伤事故发生后公安消防等多部门迅速出动全力实施救援,交通事故
永胜发生特大车祸轿车和摩托车相撞造成死两伤年月日日晚时分永胜县境内的祥云宁蒗公路线二级公路教基田路段发生轿车和摩托车相撞的特大交通事故造成人死亡两人受伤这是记者昨日从丽江市永胜县新闻办了解到的据永胜县交警大队介绍当晚永胜县一信用社职员李某驾驶轿车载着人从期纳公路线开往程海镇方向时分当车行至祥宁线二级路教基田路段时与驶来的程某驾驶的一辆摩托车相撞轿车当场翻下路侧沟中撞上路旁一村民的房屋在此次交通事故中造成两人当场死亡人在送医院抢救无效后死亡而轿车驾驶员和车上一名乘客以及一村民受伤接到报案后民警在最短时间内赶到现场全力组织抢救并将伤者送至程海卫生院救治相关领导率队组成特大事故处理工作领导小组分头组织指挥抢救伤员等工作目前伤者病情稳定死者遗体安葬事宜已妥善解决死者家属情绪稳定事故原因正在进一步调查中,交通事故
涉嫌骑车逃逸的男子今天上午已归案嘉兴在线新闻网年月日本报讯月日晚上点左右市区勤俭东路铁路立交桥桥洞内发生一起两辆电动车相擦事故造成一方女性当事人死亡另一方男性当事人涉嫌骑车逃逸交警在微博上呼吁市民紧急协查后今天上午这名男性当事人已归案据交警一大队副大队长沈惠忠介绍警方是月日晚上点分接到群众报警的称市区勤俭东路铁路立交桥桥洞内有人倒在地上头部正在流血分钟后交警赶到现场只见躺在地上的是一名女子她身边还有一辆倒地的电动车好心群众报警后急救车也同步接到了指令所以交警赶到现场不久急救车也迅速来到现场并将女子送往武警医院抢救两天后因伤势太重而不幸离世这名女子是本地人今年岁她的亲属显然无法接受这突如其来的打击警方翻看了几百个小时的监控视频可疑男子终于被锁定他四五十岁头发很短接近于光头微胖身高米出头事发当天穿着素色格子衬衫黑色五分裤在锁定目标男子后警方发现该男子在事发之前曾骑着电动车行驶在汽车北站旁禾兴北路城北路东升路百墅路洪波路洪兴路勤俭路并在沿线的百花社区超市百墅路天天农展会洪波路戴梦得超市出现但基本上每家超市都只逛了分钟左右没有买东西警方在微博上呼吁市民协查后众网友纷纷转发记者了解到今天上午这名男子已归案,交通事故
弹了弹烟灰丢了一条命开车千万别做小动作本报讯通讯员陈播沈勤本报记者何近日一辆上海牌照的丰田轿车在沪杭高速公路第二车道上正常行驶时突然莫名其妙地斜穿过三四车道重重撞上右边护栏巨大的冲击力将根护栏连根拔起车子损坏严重后排一名乘客因为没有系好安全带头部受伤出血事后在接受高速交警调查时肇事驾驶员回忆开车时手机突然响了我看看前面车子离得很远就接了电话说了几句后就让后排我姐姐听当我转身递手机的时候车头就偏了后来就撞上了,交通事故
黑龙江五常发生特大交通事故人死亡日时许五常市沙河镇北沙河村的名农民上山采完山野菜后搭载一辆农用时锋三轮车回家途中在雪乡公路公里处与对向来车会车时发生侧翻致使人当场死亡人不同程度受伤目前伤者已被送至五常市人民医院其中名伤势较轻的伤者经处置已自行返回家中还有一人伤势严重肩胛骨锁骨颈椎等多处骨折于昨天凌晨时许被送到哈尔滨市第五医院治疗,交通事故
云南客车坠江人失踪本报讯月日下午时分云南昭通巧家县发生一起交通事故一辆从巧家县开往昭通的客车行驶到该县包谷垴乡时翻入牛栏江中截至昨晚时已造成人失踪人受伤其中造成重伤人轻伤人,交通事故
国道线德令哈段发生一起交通事故两车相撞死伤青海新闻网讯月日晚国道德令哈段发生一起交通事故一辆从西宁驶往格尔木的夏利轿车与一辆从德令哈驶向乌兰的夏利轿车迎面相撞两车共有人其中人死亡人当场死亡人经抢救不治身亡人受伤,交通事故
岁少女殒命搅拌车下作者佚名新闻来源北京青年报月日上午时许在八大处公园附近的实兴北街和八大处街交叉口一辆水泥搅拌车将一骑自行车女孩卷进车轮下女孩不幸身亡女孩岁是从浙江老家来京看望在京养蜂的父母的昨天上午时分许在事发现场一辆印有北京恒坤字样的水泥搅拌车车头向东停在十字路口后车轮下一辆自行车已经扭曲变形地上还有几摊血迹警察正在勘查现场一名岁左右的男子坐在地上痛哭不止,交通事故
国道浙江温岭段发生翻车事故致死伤中新浙江网月日电记者陈瑜艳通讯员叶卫兵王文婷月日下午在国道浙江省温岭市小溪岭樟树湾路段又发生了一起重大交通事故一辆过境大货车侧翻在公路上造成了二死二伤在事故现场看到一辆牌号为苏的大货车翻倒樟树湾的转弯处车上所载的电工专用配电柜被撞出车外用于包装配电柜的三夹抛撒一地在公路挡护墙外的山坡上躺着一个男子已经当场死亡而大货车的驾驶室因猛然的撞击严重变形从大货车流出来的柴油机油淌了一地驾驶室里还卡着一个男子事故造成国道小溪岭路段堵车事故发生在时分左右温岭市交警大队接到报警称樟树湾有一辆大货车翻车当场死亡了一人另有人被卡在驾驶室内无法出来等待紧急救援时间就是生命接到报警后市交警大队大溪中队迅速出动警力赶赴现场同时赶到现场救援的还有市消防大队官兵和市东方医院的医护人员在多方救援人员的共同努力下十几分钟后卡在驾驶室内两位受伤较轻的男子被成功救出紧急送往医院救治但是因大货车在翻车时整个驾驶室和车头部分都在撞击中严重变形大货车驾驶员的下身和双腿又被严重变形的车体牢牢的卡住一时无法救出现场的医护人员立即给伤者输液又拿来氧气输氧由于大货车驾驶室的车体钢板较厚加上大货车侧翻在公路挡护墙边消防人员的一些工具一时无法施展必须动用大型的吊车将大货车拉起才能施救分钟后在人们焦急的等待中吊车终于来到了现场这时天空已渐渐暗了下来在吊车的轰鸣声中大货车车头被吊起一截卡在驾驶室里的驾驶员被成功拉出但不幸的是驾驶员因伤势太重而死亡到晚上时左右事故现场基本清理完毕国道小溪岭段恢复了通车,交通事故
香港长青隧道车相撞人亡据新华社香港月日电位于香港新界区的长青隧道通往九龙方向的管道内日上午发生一起车相撞的严重交通事故造成人死亡多人受伤其中人受伤严重事故发生在早上时分左右一辆载客量为人的小巴在长青隧道通往九龙方向的管道内慢线行驶时突然停下尾随的辆车刹车不及向前撞去死亡者是岁的机场巴士司机,交通事故
河南社旗发生交通事故致人死亡逃逸司机已被控制新华网郑州月日电记者李亚楠记者从河南省社旗县委宣传部获悉经进一步核实月日时分在省道线社旗县桥头镇对吴庄村东米处一辆重型半挂货车车牌号豫自西向东与一辆长安之星面包车车牌号豫迎面相撞造成面包车上人女男全部死亡据介绍事故发生后货车司机逃逸目前这名多岁的男性司机已被公安机关控制事故发生后南阳市和社旗县迅速启动了应急预案全力以赴做好抢救和事故处置工作市县主要领导组织卫生消防安监公安交通民政等部门迅速赶赴现场指导抢救处置工作目前各项善后工作正在紧张进行事故原因正在调查中,交通事故
河南南阳风景区内卡车失控撞死人本报讯记者涂重航月日下午河南南阳独山景区内一辆卡车失控沿景区道路冲下山撞破大门后冲进人群据警方提供的数字当天死亡人另有多人受伤据当地居民透露日下午时分许一辆解放牌卡车从南阳独山森林公园内朝山下行驶在靠近大门的数百米道路上卡车刹车突然失灵车内两名司机头伸出窗外大喊让开快让开据称当时在景区内的百姓纷纷避让卡车沿着下山的道路向下冲车速越来越快卡车在景区内剐上一辆轿车后撞破景区的自动大门冲进大门外的人群当场撞倒多人撞坏辆轿车,交通事故
轿车蛇行撞房死伤司机疑为酒后驾车前晚时分许通州西集镇郎府卫生院西侧路口一辆轿车冲下路基撞倒多名路人撞穿一间民房外墙后停下事故致一名岁男童当场死亡一名岁少年送医后不治身亡另有人受伤附近居民称肇事车当时左右摇摆如蛇行司机被救出时浑身酒气当晚警方对肇事司机进行了血液取样目前在进一步调查中,交通事故
杭州一槽罐车压扁小轿车小车司机当场丧生本报讯昨天中午点左右杭州市文一西路荆大线口一声巨响传来正在附近开店的王师傅一看一辆槽罐车把一辆黑色的本田小轿车压在身下了随后交警及施救车辆赶到现场当大家把小轿车从大车底下拖出来时整辆车已经变形了车内的驾驶员当场死亡,交通事故
合宁高速三车相撞死伤新华网合肥月日电记者程士华记者从安徽省合肥市交警部门获悉月日凌晨合宁高速公里处发生一起三辆车连环相撞的特大交通事故造成人死亡人受伤目前事故现场已清理完毕交通恢复畅通据高速交警支队二大队介绍日凌晨两辆货车一前一后停靠在紧急停车道上后面的一辆货车准备更换车轮胎一辆油罐车行至事发地点处猛烈地撞上了正在更换车胎的货车前面的一辆货车也受到了强大的冲击撞上了高速公路的隔离栏三车连环相撞导致当场有人死亡人在送往医院的途中死亡另有人受伤目前名伤者伤势稳定事故现场已清理完毕交通恢复畅通事故原因正在进一步调查中,交通事故
北京城管执法车撞伤岁骑车中学生拖行余米晨报热线新闻记者邹近日一位父亲在网上发帖寻找目击者试图还原儿子被撞现场其父称多天前一辆通州城管执法车撞伤了骑自行车的岁男孩并拖行余米昨日通州城管确认出事车辆系城管执法车但对于拖行说法及事故经过未予回应近日八通网百姓热线被撞男孩父亲发帖描述事发经过据他称月日早上点分左右岁的儿子骑自行车到玉桥中学上学行至通州区梨园北街光明小区门口时被一辆车牌号为京的通州城管执法车白色现代索纳塔撞伤儿子被拖行了余米幸亏路人和玉桥中学的老师相救及时送到潞河医院抢救目前孩子已经脱离危险昨日被撞男孩父亲称事发后城管部门垫付了医药费目前通州交管部门正在对事故责任进行认定尚没有结论发帖是为了寻找目击者了解事发经过男孩父亲称因对事发经过模糊希望以此方法征集目击者昨日通州城管确认出事车辆系城管执法车但对于事发经过及拖行的说法未正面回答,交通事故
昆明立交桥车相撞致死伤年月日昨天晚上点分左右在小屯立交桥上由东向西方向公里处发生一起特大车祸一辆装满窑泥车牌号为云的大货车与一辆微型车一辆吉利车相撞后起火燃烧造成辆车的乘客死伤据交警四大队值勤民警介绍此次交通事故是二环北路建成以来发生的最大一起车祸目前车祸中的名幸存者正在昆医院附二院接受治疗车祸原因正在调查中,交通事故
宁夏两客车相撞人死新华社发当日中午时分在国道宁夏盐池县惠安堡段两辆大客车发生迎面相撞事故事故造成两车至少人死亡人受伤目前事故原因还在调查之中事故发生后宁夏自治区副主席齐同生已经带领有关部门的负责同志赶赴现场指挥救治伤员处理善后事宜,交通事故
渝邻高速重庆段两车相撞致人死亡中新社重庆四月十二日电郭晋嘉蒋旭记者今日在重庆市消防总队证实四月十一日晚渝邻高速重庆段一辆小轿车与货车相撞小轿车起火燃烧致四人死亡据出事货车驾驶员介绍当日晚上二十一时零四分他驾驶车牌号为渝二三九四七的大货车从四川邻水驶往重庆方向当车行至到重庆大湾收费站两公里处时一辆车牌号为渝八一七七的福克斯小轿车从后面飞驰撞上货车尾部当他把车停到路边准备下车救人时只听轰的一声小轿车前部顿时燃烧起来据悉此次事故共造成小轿车上三名男乘客和一名女乘客死亡目前事故原因还在进一步调查中,交通事故
浙江甬台温高速货车追尾起大火致人死亡中新网温州月日电江耘徐行号郑国前今日凌晨点浙江甬台温高速公路温州段发生一起重大交通事故一辆半挂车与另一辆抛锚货车发生追尾并引发大火造成人死亡人轻伤辆挂车报废同时还烧毁了余吨布料,交通事故
巴基斯坦酒店发生爆炸袭击已致人死亡年月日新华网北京月日电综合新华社驻外记者报道巴基斯坦西北边境省首府白沙瓦的一家五星级酒店当地时间日晚发生一起爆炸袭击事件目前死亡人数已升至人另有约人受伤由于包括联合国工作人员在内的不少外籍人士当时身处酒店内袭击造成多名外籍人士伤亡据中国驻巴基斯坦大使馆说没有中国人在爆炸事件中伤亡联合国在巴基斯坦首都伊斯兰堡的一个新闻中心日发表声明证实一名联合国难民事务高级专员和一名联合国儿童基金会的官员在爆炸中身亡另有名联合国工作人员受伤联合国驻巴基斯坦新闻官伊什拉特里兹维在接受记者电话采访时说联合国在白沙瓦的机构日都已关门目前首要任务是保障工作人员的安全他说联合国机构在西北边境省的工作是帮助那些流离失所的人们将来工作还会继续巴安全部队官员说几名武装人员日晚驾驶一辆载有炸药的卡车驶向当地的珍珠大陆酒店尽管酒店外围有武装保安把守但武装人员一边开枪一边突破保安拦截并在卡车冲到酒店大厅门口时引爆车上炸药据目击者说卡车内当时有名武装人员爆炸炸坏了酒店大堂和一楼酒店外多辆汽车被炸毁其中有挂着联合国牌照的车辆警方随后赶到爆炸现场并封锁了酒店周边地区救援人员说伤者中有外国人当地电视台播放的画面显示爆炸现场一片混乱一些伤者被救援人员用担架抬出酒店大楼受到了严重损毁当地警方估计武装人员在袭击中使用了大约公斤炸药爆炸产生的破坏力相当大除珍珠大陆酒店外附近省议会和白沙瓦高等法院大楼的玻璃被震碎袭击发生后巴基斯坦总统扎尔达里和吉拉尼发表声明对这起事件表示强烈谴责并要求当地有关部门尽全力救治受伤人员联合国秘书长潘基文日发表声明强烈谴责当天发生的这起爆炸袭击事件潘基文在声明中说他为爆炸袭击事件造成大量人员伤亡感到悲伤目前还没有任何组织或个人声称对这起袭击事件负责,恐怖袭击
埃及西奈半岛发生恐怖袭击名韩国人死亡年月日据韩联社援引埃及当地媒体日报道埃及东北部西奈半岛当天发生恐怖袭击事件造成名韩国人死亡人受伤受伤人员中的大部分是韩国游客据悉受伤人员已被送往附近的医院接受治疗这起恐怖袭击事件发生在埃及和以色列的边境地区一辆多名韩国游客乘坐的巴士遭到袭击,恐怖袭击
武装人员袭击尼日利亚中学劫持逾百学生年月日新华网阿布贾月日电记者陈淑品牛小溪尼日利亚警方日证实尼东北部博尔诺州一所女子学校日晚遭不明身份武装分子袭击余名学生被劫持目前下落不明博尔诺州警察局长拉万坦科告诉新华社记者该州切布克镇女子寄宿学校日晚遭武装人员袭击余名学生遭劫持警方正在对袭击事件进行调查将全力解救遭劫持的学生媒体援引目击者的话说一伙武装人员冲入学校绑架余名学生学生遭到暴力对待袭击持续近小时附近村民试图阻止武装人员但是没有成功一名安保人员在袭击中被打死目前尚无任何组织宣称对袭击和劫持人质事件负责警方以及当地媒体均认为伊斯兰极端组织博科圣地嫌疑最大博科圣地还被警方怀疑策划实施日发生在尼首都阿布贾的客运车站爆炸袭击事件这起袭击造成余人丧生,恐怖袭击
印度恐怖袭击造成至少人死亡年月日年月日夜印度南部安得拉邦首府海得拉巴发生起恐怖爆炸造成人死亡多人受伤印度中央情报机构和印度内政部以及当地警方均称这是一起精心策划的恐怖袭击事件,恐怖袭击
巴基斯坦首都万豪酒店爆炸至少死逾伤年月日中新网月日电巴基斯坦首都伊斯兰堡万豪酒店外日晚发生怀疑自杀式炸弹爆炸至少人死亡另多人受伤伊斯兰堡警察局长称一辆载有炸药的汽车撞向万豪酒店的大门我们已找出具尸体死亡数字可能会更多爆炸后酒店发生大火不少人被困警方警告酒店可能会坍塌据香港文汇报综合外电报道目击者和官员称当地时间昨晚时许一辆大型卡车撞向酒店的金属大门酒店的路障区被炸出一个约米深的巨坑爆炸还掀塌一间宴会厅的天花当时有至人在就餐现场一名记者称见到许多死伤者躺在地上目击者称发生两次爆炸一名美国国务院官员领着名同事走出爆炸废墟其中一人头部流血不止他们中有位自称叫托尼他说第一次爆炸发生后他们开始向中餐厅后面转移但第二次爆炸却炸到后墙上接着他们见到卡车冲过大门就在爆炸发生前新任总统扎尔达里在距离酒店数百米的国会首次发表演讲声称必须铲除恐怖主义有个房间的万豪酒店是外国人最爱聚集和居住的地方守卫森严但日发生大爆炸警方表示一辆汽车驶到酒店外的路障时发生爆炸相信是一宗自杀式袭击事件万豪酒店过去曾是武装分子的袭击目标目击者看见酒店至少两处地方受大火波及至少辆停在外面街道的车辆受破坏车窗爆开爆炸声音巨大远处都可听得见甚至有人看见酒店数百米外的建筑物窗户爆裂爆炸很多人包括外国人从酒店内跑出来部分人身上沾有鲜血其它人则躺卧地上不是昏迷便是已死亡爆炸现场起火冒出浓烟汽车残骸四散多架救伤车赶抵现场电视台片段看见多人被抬走暂时未有死伤者的确实数字亦未有组织或人承认发动袭击,恐怖袭击
安理会谴责也门恐怖袭击事件年月日新华网联合国月日电记者倪红梅顾震球联合国安理会日发表媒体声明强烈谴责日发生在也门东部造成多名士兵死亡的恐怖袭击并重申要坚决打击一切形式的恐怖主义声明说安理会重申任何形式的恐怖主义都是对国际和平与安全构成的最严重威胁之一恐怖主义不论发生在何时何地由谁实施出于何种动机都是犯罪行为且无法开脱罪责安理会同时强调必须将这些恐怖主义行径的实施者组织者资助者和支持者绳之以法同时敦促所有国家按照国际法和安理会相关决议规定的义务在这些方面与也门当局积极合作也门东部哈德拉毛省安全官员日说位于该省的一处政府军军营当天遭到基地组织武装人员袭击造成名政府军士兵死亡人重伤基地组织分支当时未宣布对这起袭击事件负责,恐怖袭击
伊拉克月恐怖袭击和暴力冲突致死人年月日新华网巴格达月日电记者梁有昶张淑惠联合国伊拉克援助团日发表公报说今年月伊拉克境内恐怖袭击和暴力冲突共导致人死亡人受伤公报说根据从安巴尔省卫生厅获得的未经联合国伊拉克援助团独立核实的数据今年月安巴尔省的暴力事件共导致至少名平民死亡名平民受伤其中首府拉马迪有人死亡人受伤重要城市费卢杰有人死亡人受伤自去年年初以来伊拉克恐怖活动和暴力袭击事件频繁发生安全形势严峻据联合国伊拉克援助团统计年伊拉克发生的各种恐怖袭击和暴力冲突共导致人死亡其中人是平民另有超过万人受伤为近年来最多,恐怖袭击
俄安全部门拘捕乌克兰人称其欲策划恐怖袭击年月日中新网月日电据外媒日报道俄罗斯联邦安全局说俄方已经拘捕了名乌克兰人这些人被指在上个月克里米亚举行公投期间策划恐怖攻击说这批乌克兰人是一个极端民族主义运动的成员准备对俄国境内进行恐怖袭击这些被拘捕的乌克兰人被控偷拍俄军部队行动的照片还试图与俄国境内的极端分子联系在一份声明中说这些人计划在月日到日期间袭击俄罗斯的罗斯托夫伏尔加格勒特维尔奥廖尔别尔哥罗德卡尔梅克和鞑靼斯坦地区乌克兰安全局负责人也说向乌克兰的反政府人士空运了以吨计算的武器和炸药报道指出在俄罗斯兼并克里米亚之后俄罗斯和乌克兰之间的关系变得高度紧张北约说俄国在乌克兰东部边境集结了数万军队,恐怖袭击
意大利驻华大使强烈谴责昆明暴力恐怖袭击事件年月日国际在线消息记者杨晓囡向菲中国云南省昆明市严重暴力恐怖事件发生后意大利驻华大使白达宁日在接受采访时对该事件表达了强烈的谴责并对中国人民和政府表达了深切的慰问白达宁说我要以大使的身份对这起恐怖袭击事件表示强烈谴责这起恐怖袭击事件对中国对失去生命的遇难者及家人都造成了严重的损害这是一起毫无意义的恐怖事件借此机会我要对中国人民中国政府特别是对遇难者的家属表示深切的慰问我认为没有任何理由可以为这次恐怖袭击的行为辩护希望恐怖分子和其幕后恐怖集团尽快伏法,恐怖袭击
阿尔及利亚汽车炸弹爆炸人死人伤年月日新快报讯月日阿尔及利亚发生两起汽车炸弹爆炸事件造成人死亡据阿尔及利亚内政部长称这是近一年来该国最为血腥的一个星期爆炸发生在首都阿尔及尔以东公里的卜伊拉目前尚无人声称对这两次爆炸事件负责当地媒体报道称包括名军事人员在内的人受伤名死者都是平民当天上午点第一次爆炸在一个军事区域发生第二次爆炸分钟后发生在一家旅馆附近当时一辆公共汽车正载着上班的工人经过伤者多是公共汽车上的乘客两次爆炸似乎标志着武装分子开始转变攻击策略此前武装分子一直致力于打击边远地区的军事单位实施这些炸弹攻击的武装分子接受了来自伊拉克的恐怖分子的训练,恐怖袭击
印度连环爆炸案年月日月日是印度国父圣雄甘地诞辰周年纪念日正当亿印度人欢庆这个全国性节日之际爆炸惨剧突然降临印度东北部那加兰邦和阿萨姆邦相继传出接连不断的爆炸声共造成人死亡另有上百人受伤日未等血腥爆炸余悸消停阿萨姆邦苏尼特普尔地区又发生爆炸案造成人死亡人受伤这是印度东北部最近年来发生的最为血腥的暴力事件长期以来由于历史地理等多方面原因印度东北部地区一直被称为印度经济发展的盲区此外由于该地区宗教信仰文化传统和生活习惯与印度其他地区截然不同宗教和民族矛盾相当尖锐使该地区成为各种暴力恐怖流血活动的重灾区自年印度独立以来该地区已先后有万多人在各种大小冲突中丧生来源四川在线华西都市报责编陆菁,恐怖袭击
俄罗斯北奥塞梯人质事件主要过程记录年月日年月日俄北奥塞梯共和国别斯兰第一中学余名学生家长和教师被恐怖分子劫为人质造成人死亡新华网莫斯科月日电记者张金海持续两昼夜多的俄罗斯北奥塞梯别斯兰市第一中学人质事件于莫斯科时间日晚基本结束这一事件的主要过程如下月日莫斯科时间时一伙不明身份的武装恐怖分子进攻并占领了北奥塞梯市第一中学将参加开学典礼的约名师生和家长扣作人质恐怖分子在进攻时与警察发生交火时分恐怖分子通过扔出的纸条提出下列要求俄罗斯从车臣撤军释放今年月因袭击印古什而被逮捕的恐怖分子他们同时要求北奥塞梯总统扎索霍夫和印古什总统贾济科夫以及儿科医生罗沙利抵达别斯兰时以扎索霍夫为首的解决人质指挥部与恐怖分子取得了联系时分约名儿童从学校成功逃脱时俄罗斯总统普京从俄黑海海滨城市索契返回莫斯科在机场立即召开了俄强力部门领导人参加的会议时分第一次试图与恐怖分子接触北奥塞梯穆夫提瓦尔加托夫和检察长巴塔戈夫准备进入学校但遭到恐怖分子的拒绝时分恐怖分子释放了名儿童时分恐怖分子通过手机发出威胁如果一名武装分子被打死他们将杀死名儿童如果人被伤则将打死名儿童作为报复时分俄罗斯就最近发生的恐怖事件紧急呼吁召开联合国安理会会议时分解救人质行动指挥部为人质亲属开通了热线电话月日凌晨时分罗沙利医生与恐怖分子进行了电话联系时恐怖分子中断了电话谈判时联合国安理会强烈谴责恐怖分子在北奥塞梯扣押人质的行径时分俄总统新闻局宣布普京推迟定于月日至日对土耳其的正式访问时谈判人员通过手机恢复了与恐怖分子的技术联系时分普京会见来访的约旦国王阿卜杜拉二世时表示当前最主要任务是挽救人质的生命时俄联邦安全局驻北奥塞梯官员表示不会动用武力解救人质时分恐怖分子在印古什前总统奥舍夫的调解下释放了名妇女和儿童月日凌晨时谈判人员与恐怖分子的电话联络再次中断武装分子发射了数枚火箭弹名警察受伤时谈判人员恢复与恐怖分子的联络时行动指挥部宣布加强与恐怖分子的联络以便能够向人质提供食品和饮水时分行动指挥部与恐怖分子商定从学校向外运送匪徒占据学校时被打死的人质尸体时零分紧急情况部的人员进入学校运送尸体此时发生数次爆炸部分人质开始外逃恐怖分子随即向逃跑的人员开枪时分特种部队冲进学校解救人质时分部分恐怖分子窜出学校逃匿俄军警开始与之交火时俄军几乎完全控制学校但仍受到零星抵抗时在学校体育馆发现多具尸体时分俄联邦安全局驻北奥塞梯官员表示军方并没有考虑使用武力解决人质事件特种部队是在恐怖分子向人群开枪后才开始行动的时分据行动指挥部统计行动中消灭名恐怖分子其中有来自阿拉伯国家的雇佣兵时分俄总统顾问阿斯拉哈诺夫透露死亡的人质超过人月日凌晨普京飞抵别斯兰看望伤员后已于当天上午返回莫斯科据俄媒体日上午的发布的最新统计在这次人质事件中名恐怖分子被打死人被活捉人质中至少有人死亡目前已经从学校运出具遇难者的尸体人受伤其中人是儿童俄特种兵有多人战死人负伤,恐怖袭击
昆明暴力恐怖袭击事件火车站被警方封锁年月日月日时分许昆明火车站被警方封锁一楼售票厅空无人员当日时分许昆明火车站发生暴力恐怖袭击事件一伙歹徒持械伤人最新消息显示截至日时已造成人死亡余人受伤案件发生后中共中央总书记国家主席中央军委主席习近平立即作出重要指示要求依法从严惩处暴恐分子坚决将其嚣张气焰打下去,恐怖袭击
英国官员称机场袭击事件为自杀恐怖袭击年月日中新网伦敦月日电英国安全官员称有证据显示格拉斯哥机场月日遭燃烧汽车撞击事件是一起自杀式恐怖袭击事件警方称他们认为这起袭击事件与伦敦日发生的未遂汽车炸弹袭击事件有关联已有两人在英格兰北部因与伦敦和苏格兰发生的恐怖阴谋有关而被逮捕警方称有五名旁观者在格拉斯哥机场袭击事件中受伤但他们的伤势都不严重英国已将其恐怖预警等级升至最高等级美国布什政府也宣布在机场和主要交通枢纽加强安保措施一辆绿色的大切诺基月日下午三点半北京时间下午十一点半向格拉斯哥机场的主停机楼撞去大楼入口处的安全栏使司机无法驾车闯入繁忙的停机楼但车首撞毁了玻璃门一名官员称如果他闯入停机楼他将使数百人丧生这很明显苏格兰警局局长威利拉埃称涉案车辆中的一名男子正在医院接受治疗他由于被严重烧伤而生命垂危另一人则被警方拘留他说警方在那名入院男子的身上发现了一可疑装置可疑装置已被带往一个安全地点以进行调查拉埃拒绝披露这一装置是否是自杀式腰带他说我可以证实我们认为格拉斯哥机场事件与伦敦昨天月日发生的事件有关这两者之间有非常显然的共性我们可以确认我们正按恐怖袭击事件处理此事,恐怖袭击
昆明火车站严重暴恐案告破年月日据新华社电记者从公安部获悉月日晚发生在云南昆明火车站的严重暴力恐怖案经公安部组织云南新疆铁路等公安机关和其他政法力量余小时的连续奋战已于月日下午成功告破现已查明该案是以阿不都热依木库尔班为首的暴力恐怖团伙所为该团伙共有人男女现场被公安机关击毙名击伤抓获名女其余名已落网记者日从国家卫生计生委获悉严重暴力恐怖事件中受伤的名危重伤员尚未脱离生命危险,恐怖袭击
伊拉克西部遭连环恐怖袭击已致人死亡年月日据美国时代周刊月日报道伊拉克警方日前证实伊拉克日一座安全检查站遭遇枪击随后拉马迪市一桥梁遭自杀式汽车炸弹袭击目前这起连环袭击已导致人死亡和座桥梁倒塌据报道安检站遭袭击数小时后名自杀式炸弹袭击者在靠近伊拉克拉马迪市的座桥梁上引爆了他所驾驶的装载炸药的汽车爆炸造成人死亡人受伤伊拉克警方表示部分桥体坠入了幼发拉底河拉马迪市位于巴格达以西约公里处伊拉克警方称当天巴格达以南的约塞菲耶郊区一个超市的入口处发生了一起炸弹爆炸事件造成名顾客死亡人受伤,恐怖袭击
年月日埃及发生连环爆炸至少人死亡年月日年月日凌晨埃及红海沿岸旅游胜地沙姆沙伊赫发生连环爆炸目前已造成包括名外国人在内的至少人死亡多人受伤埃及官方和目击者证实沙姆沙伊赫连环爆炸事件似乎经过精心策划其中两起大规模汽车炸弹爆炸可能由自杀袭击者实施埃及安全部队官员告诉美联社记者一辆装有公斤爆炸物的汽车冲入贾扎拉花园饭店与此同时一辆装有大约公斤爆炸物的汽车在城区旅游商品市场爆炸第起爆炸发生在海滨人行道附近路透社援引第起爆炸目击者的话说一名男子携带一个大包走到游客中间然后用埃及口音的阿拉伯语说我有一枚炸弹一些人立即离开但仍有人认为这名男子在开玩笑两分钟后爆炸在这名男子放包的地方发生袭击事件发生后一个自称阿卜杜拉阿扎姆旅的组织在一家网站上发表声明声称对这起事件负责该组织自称为基地组织在埃及和叙利亚等地的分支机构数小时后另一个自称埃及圣战者的组织否认了阿卜杜拉阿扎姆旅的说法说是名埃及圣战者成员制造了这起连环爆炸事件埃及内政部长哈比卜易卜拉欣阿德利认为目前把袭击事件与基地组织或其他极端组织挂钩还为时尚早据埃及警方官员发表声明警方于周六逮捕了名嫌疑人员虽然目前还不清楚这些人是否与爆炸案有密切关系,恐怖袭击
在美中国留学生为昆明恐怖袭击事件遇难者祈福年月日中新网月日电据美国中文网援引美国中文电视报道昆明的恐怖袭击事件牵动着全球华人的心波士顿大学留学生月日晚在学校举办悼念为遇难者祈福月日晚波士顿大学中国学生学者联合会组织了一场烛光祈福悼念会用这种方式向昆明送去他们的祝福五六十名来自中国各地的学生聚集在波士顿大学的教堂前手捧蜡烛为昆明暴恐事件遇难者祈福并写下了自己对昆明的祝福这次的悼念会是由波士顿大学的两名来自昆明的学生提出的在听到自己家乡发生这样的事件都感到震惊和悲愤他们说之后会把大家的祝福带回昆明让人们知道远隔重洋的他们也心系中国学生会主席袁海粟也代表学生会向昆明送去祝福,恐怖袭击
外交部强烈谴责巴基斯坦伊斯兰堡恐怖袭击事件年月日国际在线报道记者徐肖嵘中国外交部发言人秦刚日在北京表示中方对巴基斯坦伊斯兰堡日发生的恐怖袭击事件表示强烈谴责月日巴基斯坦首都伊斯兰堡一家法院遭到恐怖分子开枪并投掷炸弹袭击造成人死亡人受伤对此秦刚日在记者会上表示我们对这一恐怖袭击事件表示强烈谴责对遇难者表示沉痛哀悼对受伤人员和遇难者家属致以深切慰问中方将继续坚定支持巴基斯坦政府和人民为维护国家稳定所作的不懈努力,恐怖袭击
中铁十四局紧急应对恐怖袭击事件年月日月日晚时记者在位于山东济南的中铁十四局办公大楼前看到办公楼的大门紧闭院子的围栏上悬挂着悼念在阿遇难员工的布幅办公楼楼的灯光很亮阿富汗当地时间月日凌晨中国中铁十四局集团公司援建阿富汗的公路建设项目盖劳盖尔工地遭到一伙武装分子的袭击造成名中国工人死亡另有名工人受伤王鸿光,恐怖袭击
兰州人穿警服持警棍凌晨袭击工地年月日据新华社电月日凌晨时近名穿着警察制服的不明身份人员与近百名社会人员持棍棒器械袭击了兰州军区五里铺干休所的军民共建项目兰州创意国际商贸城施工工地造成余名农民工不同程度受伤其中人正在重症监护室抢救有关财物损失还在统计当中警方目前已经刑拘名涉案人员工地施工方法人代表李某告诉记者当日凌晨时左右一伙身着配有肩章臂章制式服装并头戴钢盔的男子要求进入施工现场门卫误以为其是公安人员办案但随后却遭到这伙人的殴打进入工地后这些人对工地宿舍内正在睡觉的工人强行驱离期间致使多人受伤目前甘肃省兰州市公安局与城关区分局已成立联合专案组对此次暴力事件进行调查警方的最新消息称参与作案的甘肃永瑞房地产开发有限公司工作人员李某薛某张某因涉嫌聚众扰乱社会秩序罪已被依法刑事拘留案件的侦查及追捕其他嫌疑人的工作仍在继续之中,恐怖袭击
近两千名医护人员参与昆明暴力恐怖袭击事件医疗救援年月日据云南省卫生厅最新通报针对昆明暴力恐怖袭击事件国家卫生计生委从北京和成都紧急派出国家医疗队四批人于日全部抵达昆明帮助指导伤员医疗救治工作截至日各级医疗机构直接参与伤员救治的医护人员达名已开展急诊手术台次应急采血多人次使用血液袋单位据通报事件发生后刘延东副总理高度重视对救治工作作出重要批示云南省领导国家卫生计生委领导也赶赴现场或作出批示指导救治工作云南省卫生厅表示月日云南省急救中心接到呼救电话立即指挥调度救护车辆和医护人员于即到达现场共计出动救护车辆次派出医护人员人次转送伤亡人员目前各医院成立以院长为组长的救治专家组组织医务人员全力抢救,恐怖袭击
西班牙锁定摩洛哥战斗旅为爆炸事件元凶年月日年月日西班牙首都马德里中部的一个火车站发生爆炸造成人死亡其中包括个国家的名外国人警方锁定摩洛哥战斗旅为爆炸事件元凶新华网马德里月日电记者刘瑞常西班牙报纸日报道说西班牙警方经过初步调查后认为本月日在马德里制造旅客列车连环爆炸血案的凶犯可能是与基地组织有密切联系的摩洛哥战斗旅报道引用相关调查材料说摩洛哥战斗旅去年曾在摩洛哥制造了卡萨布兰卡连环爆炸事件今年月该组织在西班牙北部布尔戈斯省西班牙炸药联盟工厂获得了炸药本月日该组织的人将每包公斤左右的包炸药安放在马德里的辆近郊区旅客列车里然后引爆了炸药西班牙警方说参加马德里爆炸事件的名摩洛哥嫌疑分子中只有索甘姆人被逮捕西班牙还有不少潜伏下来的摩洛哥战斗旅成员有一些人曾直言不讳地说要进行圣战有的甚至扬言要让横贯马德里的卡斯特亚纳大街尸横遍野血流成河但这却没有引起警方的重视另据报道西班牙国家情报中心早在发生之前个月就从意大利情报人员处得到消息马德里爆炸事件一名伊拉克上校准备在马德里制造爆炸事件国家情报中心将此秘密情报报告了西班牙内政部但未引起重视成立于年的摩洛哥战斗旅在伊拉克南部库尔德地区接受训练其中一部分成员是阿富汗老兵懂得爆破技术该组织从基地组织获得资金支持和训练条件目前该组织在西班牙英国意大利丹麦爱尔兰和土耳其都有分支组织,恐怖袭击
莫斯科一市场爆炸至少人死亡年月日据新华社莫斯科月日电记者宋世益王丹蒂俄罗斯莫斯科市检察长肖明日宣布莫斯科东部的切尔基佐夫市场当天上午发生爆炸这起事件已造成至少人死亡人受伤肖明说事件由商业纠纷引起爆炸发生在市场内的两个集装箱之间爆炸物为自制的爆炸装置威力相当于公斤炸药目前由莫斯科检察院组织的专家调查小组正在对事件作进一步调查新华社记者在爆炸现场看到市场内所有店铺和摊位几乎都已关闭大批来自高加索和独联体其他地区的商人正纷纷离开现场目前死者身份尚未确定,恐怖袭击
印度遭恐怖袭击百余人伤亡警方逮捕人年月日年月日印度南部城市海得拉巴发生两起针对无辜平民的恶性爆炸事件造成至少人死亡多人受伤据有关医护人员透露由于伤者伤势严重死亡人数将有可能继续增加日正值周末而傍晚时分又是当地人喜欢举家外出的时刻在海得拉巴市中心鲁比尼游乐园内的露天剧场当天的音乐激光表演吸引了近千名观众当晚点分左右就在表演刚刚开始的时候突然发生爆炸造成观众席上名观众当场死亡数十人受伤由于爆炸剧烈爆炸现场血迹斑斑死者的尸体也被炸飞散落在周边的座位上多数伤者伤势严重在送往医院后不治身亡约分钟后在距离游乐园约公里的著名商业区库替一个在当地很受欢迎的餐馆也发生了似乎更剧烈的爆炸造成至少人死亡数十人受伤由于正值周末的傍晚现场有包括妇女儿童在内的数百名在外逛街消夏的市民爆炸引发恐慌人们纷纷逃离现场气氛混乱不堪爆炸发生后当地警方迅速封锁了现场对人群进行疏散并对爆炸事件展开调查数十辆救护车穿行于医院和爆炸现场之间忙着救护伤员法警和警犬也相继赶到现场进行侦查定性为恐怖袭击目前警方已经将这一事件定性为恐怖袭击事件根据警方的判断这不是一起单一的爆炸事件在分钟内炸弹先后在海得拉巴的一个休闲公园和一个商业中心内发生爆炸警方甚至没有反应的时间随后不久警方又陆续在其他一些地点发现爆炸物其中包括一个在桥墩下放置的爆炸物据报道当时这个爆炸装置已经被启动时间设在点分幸亏警方及时赶到还有一个爆炸装置被放在电影院内另据透露警方日早晨还曾经在海得拉巴市的三个地方发现爆炸物爆炸时间和地点的选择也表明这是恐怖袭击事件爆炸时间发生在周末的傍晚是人们最喜欢外出休闲的时候爆炸地点选择在了公园市场餐厅影院等人群密集的公共场合很显然旨在制造最大规模的影响引起注意印度政府迅速反应爆炸发生后印度总统帕蒂尔副总统安萨里和总理辛格均对爆炸事件予以强烈谴责帕蒂尔对遇难者及遇难者家属表示同情与慰问并指责犯罪分子意在破坏国家的和平与和谐辛格则呼吁人们保持平静不要恐慌安得拉邦首席部长雷迪在爆炸发生当晚也紧急召集了高级别会议商讨目前局势和应对措施他亲自前往鲁比尼公园爆炸现场进行了视察并进行了工作部署目前首席部长已经宣布了对此次事件遇难者的救助措施其中包括给每个遇难家庭提供万卢比的救济资金给失去家庭主要劳动力的家庭提供一份政府工作和为每位伤者提供万卢比的救助目前海得拉巴和安得拉邦的另一重要城市塞康德拉巴德已经进入最高警戒状态警方封锁了城市的各个出口并在机场火车站和汽车站进行盘查当地的影院商场等公共场所也相继取消了夜晚的活动并开始设置安检装置出于安全考虑与安得拉邦相邻的泰米尔纳德邦和卡纳塔克邦以及印度首都新德里最大金融商业城市孟买等也都提高了安全警戒级别,恐怖袭击
目击者描述印尼爆炸案惨景到处是炸断的肢体年月日年月日夜晚印尼旅游胜地巴厘岛发生连环恐怖爆炸造成人丧生其中绝大部分是前来旅游的外国游客印尼警察总监巴赫蒂亚尔称这次爆炸事件是该国历史上最严重的恐怖袭击事件警方没有立即宣布袭击者的动机中新网月日电印度尼西亚巴厘岛消息有关官员表示周六晚上印尼旅游胜地巴厘岛连续发生几起爆炸事件而且死者多数是外国人直到周日凌晨在上述夜总会的现场仍然是浓烟滚滚直冲云宵与此同时警察及救援人员将受伤者和遇难者抬离现场其中一些伤者还在痛苦地呻吟着警方称预计还有一些伤者被埋在废墟下面巴厘岛警方发言人亚蒂姆苏亚特姆表示警方认为所有的爆炸设备均为自制炸弹一位当地的摄影师表示发生爆炸的夜总会的玻璃被炸到比较远的地方爆炸还导致附近辆汽车被毁他说整个夜总会都被夷为平地我都可以闻到那些遇难者遗体发出的臭味一位不愿透露姓名的警方官员表示现在很难辨认遇难者的身份因为他们的遗体全都被炸得面目全非爆炸发生时在海边游玩的游客都在享受一个普通的周末谁也没有想到灾难就在瞬间来临了警方称夜总会发生的爆炸给现场留下了一个大洞上述那位摄影师表示我看到一个长得象是印尼人的男人他的脑袋完全被炸得粉碎今年岁来自新西兰的游客里查德波雷是一位电视节目导演他描述了当时的一些情景他说我看到地面上到处都是被炸断的肢体本来我还想将这些镜头拍下来但后来我根本无法拍下去因为现场简直成了一个屠杀场我觉得非常恶心我在年的拍摄生涯当中从未见过这样惨的死伤现场波雷说他曾在爆炸发生前大约分钟试图进入那家夜总会但因为里面已经有几百名客人非常拥挤所以他没能进去另一名游客表示很多被吓坏了的游客都不再进入酒店房间休息而是选择在户外或是海滩上睡觉很多人更是选择乘第一班能够离开巴厘岛的飞机返家,恐怖袭击
莫斯科地铁爆炸事件年月日月日上午时分左右俄罗斯首都莫斯科一辆地铁列车刚驶出站不远第二节车厢突然发生爆炸列车随后燃起大火造成大约人死亡多人受伤爆炸发生后俄罗斯政府宣布这是一起车臣非法武装制造的自杀性爆炸事件时隔半年月日晚时分左右一名女性自杀爆炸袭击者在莫斯科里加地铁站附近引爆了身上的炸弹导致至少人死亡人受伤,恐怖袭击
埃及西奈半岛爆炸案年月日月日晚时埃及红海旅游胜地西奈半岛接连发生起爆炸至少造成名以色列游客死亡多人受伤这是巴以冲突年来埃及境内首次发生针对以色列平民的袭击事件距埃以塔巴边界检查站仅米远的埃及塔巴希尔顿饭店首先发生剧烈爆炸另外两起爆炸分别发生在塔巴南部的希塔尼角和苏尔坦角两个旅游度假村爆炸发生的当天是犹太人住棚节的最后一天许多以色列人当时都在西奈半岛度假埃及安全部门月日宣布一名对巴以冲突不满的巴勒斯坦人是塔巴希尔顿饭店爆炸事件的主谋这个名叫伊亚德赛义德萨拉赫的巴勒斯坦人与另一个名叫苏莱曼艾哈迈德萨利赫的埃及人实施了爆炸由于汽车炸弹提前爆炸两人均在爆炸中丧生,恐怖袭击
索马里恐怖袭击事件年月日月日位于索马里过渡政府所在地索南部城市拜多阿的议会大楼前发生汽车炸弹爆炸事件造成至少人死亡和多人受伤袭击目标索临时总统优素福则幸免于难当优素福的车队行驶至议会大厦门口时一辆装有炸药的汽车在总统车队附近爆炸至少有人死亡其中包括名议会保安和名平民爆炸还造成多人受伤但目前还不能确定伤者人数优素福本人并未在袭击中受伤目击者称爆炸引发的火球冲入天空周围多辆汽车被毁在这起爆炸发生后大约分钟议会大楼附近又发生了第二起爆炸伤亡情况尚不清楚索马里过渡政府发言人迪纳里当天说可以确信袭击的目标就是优素福总统他说爆炸发生前优素福刚在过渡议会发表完讲话索马里过渡政府外长伊斯梅尔胡雷布巴说汽车炸弹由遥控器引爆明显具有基地组织袭击的特征,恐怖袭击
约旦首都安曼连环爆炸年月日月日晚约旦首都安曼三家酒店发生自杀式爆炸袭击事件造成人死亡多人受伤伤亡者中有很多外国人正在安曼访问的中国国防大学学员代表团也有名成员死亡人受伤,恐怖袭击
伊拉克清真寺连环爆炸月日是伊斯兰教什叶派最重要的节日之一阿舒拉节上百万来自伊拉克伊朗及世界各地的什叶派穆斯林云集卡尔巴拉和巴格达举行庆祝活动然而就在庆祝活动进入高潮时惨剧发生了上午时许几乎在卡尔巴拉和巴格达两地同时发生了针对什叶派穆斯林的起自杀性爆炸袭击共造成人丧生多人受伤这是伊拉克战争后针对平民的最血腥最残暴的恐怖事件爆炸发生后仅天驻伊拉克的美军就把爆炸事件的幕后指使锁定在基地组织三号头目扎卡维身上,恐怖袭击
昆明火车站恐怖袭击人遇难一百多人受伤年月日日晚一伙歹徒持械在昆明火车站砍杀路人官方证实截至日零时许已造成人死亡一百多人受伤受中共中央总书记国家主席习近平和国务院总理李克强委派中央政治局委员中央政法委书记孟建柱月日凌晨赴云南昆明指导处置月日晚发生在昆明火车站的暴力恐怖袭击事件并慰问受伤群众和受害者家属,恐怖袭击
孟买发生系列爆炸至少人死亡年月日年月日晚印度经济首都孟买发生系列铁路爆炸事件目前已造成至少人死亡另有人受伤爆炸实施者有蓄意破坏印巴关系之嫌,恐怖袭击
安理会谴责阿富汗北部恐怖袭击事件年月日新华网联合国月日电记者倪红梅王雷联合国安理会日发表媒体声明以最强烈的言辞谴责当天发生在阿富汗法里亚布省造成多人伤亡的恐怖袭击要求将制造袭击者绳之以法安理会重申任何恐怖主义行动都不能逆转阿富汗人主导的在阿富汗实现和平民主和稳定的道路这一道路得到阿富汗人民政府及国际社会的支持阿富汗北部法里亚布省日发生一起自杀式爆炸袭击造成名平民死亡人受伤目前尚无组织和个人宣称制造了这一袭击事件,恐怖袭击
俄罗斯今年第一季度挫败恐怖袭击起年月日人民网月日讯据俄新网消息俄罗斯联邦安全局局长博尔特尼科夫日前表示俄安全局年第一季度成功阻止恐怖袭击起博尔特尼科夫指出俄一季度缴获非法贩运的自制爆炸装置个炸药多公斤以及多支武器,恐怖袭击
巴厘岛连环爆炸造成人丧生年月日年月日夜晚印尼旅游胜地巴厘岛发生连环恐怖爆炸造成人丧生其中绝大部分是前来旅游的外国游客印尼警察总监巴赫蒂亚尔称这次爆炸事件是该国历史上最严重的恐怖袭击事件,恐怖袭击
昆明公车恐怖袭击事件今天早上在昆明在上班的高峰时间里面连续发生了两起公共汽车爆炸案截止到目前为止已经造成死伤根据警方的初步判断这是一起人为的破坏事件今天下午公安部已经派出了一个刑侦专家组赶赴当地协助当地进行调查,恐怖袭击
联合国驻伊办事处救援基本停止至少人死亡年月日年月日联合国驻伊拉克办事处遭汽车炸弹袭击造成至少人死亡多人受伤一周后联合国安理会一致通过第号决议要求加强世界各地联合国职员和其他人道救援人员的安全保障新华网巴格达月日电记者邵杰李骥志经过救援人员彻夜的工作之后联合国驻伊拉克办事处遭汽车炸弹袭击现场的搜救工作日上午已基本停止看来找到生还者的可能性已经变得极其渺茫新华社记者在现场看到铲车等工程机械已经进入现场并开始对废墟进行清理救援人员对记者说在废墟下有可能还会发现遇难者的尸体据最新收到的消息一位联合国高级官员说爆炸至少造成人死亡多人受伤美国调查人员早已抵达现场并开始寻找破案线索但是现在尚无任何组织或个人宣布对这起爆炸事件负责伊拉克临时管理委员会日在巴格达发表声明说爆炸事件是由伊拉克前总统萨达姆的追随者或渗透到伊拉克境内的外国恐怖分子制造的声明强调伊拉克人民决心同恐怖分子作斗争声明还呼吁联合国内的兄弟国家和朋友为伊拉克实现稳定与安全发挥积极作用另据报道伊拉克日再次发生袭击驻伊美军事件美军第四步兵师一名发言人说美军车队当天在萨达姆家乡提克里特地区遭到火箭弹袭击导致一名随军工程承包商死亡两名士兵受伤但是这名发言人没有透露该承包商的国籍这是本月以来在提克里特地区遇袭身亡的第二位承包商,恐怖袭击
俄称制止针对索契奥运设施恐怖袭击未透露细节年月日中国网月日讯据俄新网消息俄联邦安全局局长博尔特尼科夫周四月日表示俄安全局和一些列其它国家制止了针对索契奥运设施实施的恐怖袭击包括使用自杀式炸弹爆炸博尔特尼科夫表示正因为担心冬奥会期间会对飞往索契航班实施恐怖袭击所有才不允许携带液体他称一切都是有根据和计划的因为恐怖分子使用过或者想使用引爆炸药的媒介之一正是特别液体博尔特尼科夫昨日称制止了索契的恐怖袭击但没有明确行动的具体细节,恐怖袭击
哈特考帕汽车爆炸年月日年月日哈特考帕火车站外的一辆公共汽车爆炸造成人死亡人受伤爆炸使公共汽车尾部严重受损这次爆炸怀疑是印度伊斯兰学生运动主谋的警方事后逮捕了人,恐怖袭击
西班牙马德里又发生爆炸事件年月日据新华社电西班牙民族分裂组织埃塔日在首都马德里个加油站同时制造起爆炸事件造成人受轻伤据西班牙内政部透露当天下午时分一匿名人士以埃塔的名义电话通知西班牙北部地区的加拉报说当天下午时分马德里个加油站将发生炸弹爆炸西班牙警方立即将这些加油站的人员全部转移到安全地区大约时分这个加油站果然发生爆炸这些炸弹分别被安放在马德里通向外地的号号等条高速公路出入口的加油站因为当天是周末出城的车辆比较多爆炸事件曾引起短时间的交通堵塞但很快恢复正常马德里大区政府当天呼吁马德里市民保持平静并宣布全区进入二级警戒状态即全城所有警备装置和人员立即出动今年月以来埃塔组织曾经在西班牙北部地区先后制造起使用半公斤炸药的小型爆炸事件并造成一些人受伤,恐怖袭击
阿富汗坎大哈爆炸年月日月日阿富汗坎大哈市内的一座清真寺发生爆炸事件造成包括喀布尔市警察总监在内的至少人死亡另有人受伤此次爆炸事件是自塔利班政权倒台以来发生在阿富汗最严重的恐怖袭击事件之一,恐怖袭击
阿富汗日发生两起恐怖袭击事件在事件周年即将来临之际阿富汗日发生了两起令人震惊的恐怖袭击事件一枚汽车炸弹在阿富汗首都喀布尔发生爆炸造成至少人死亡人受伤与此同时正在阿富汗南方坎大哈参加弟弟婚礼的阿富汗过渡政府总统卡尔扎伊遭到暗杀袭击但卡尔扎伊逃过一劫,恐怖袭击
伊拉克汽车炸弹袭击虽然美军大规模军事行动已结束但伊拉克没有一天是平静的本年度第一起重大恐怖袭击事件就发生在伊拉克月日希拉市发生一起自杀式汽车炸弹袭击事件造成名平民死亡人受伤这是伊战以来伤亡最严重的袭击事件,恐怖袭击
巴基斯坦发生自杀式爆炸袭击百多人死亡年月日新华网伊斯兰堡月日电记者饶博巴基斯坦电视台日报道当天凌晨在南部港口城市卡拉奇刚刚回国的前总理贝布托所乘坐的车辆附近发生自杀式爆炸袭击造成至少人死亡多人受伤贝布托本人安然无恙报道说贝布托乘坐的卡车附近连续发生两次爆炸内政部长谢尔帕奥表示爆炸明显是自杀式袭击据医院方面证实至少有人在袭击中死亡另有多人受伤预计死亡人数还会上升据巴联合通讯社报道由于此前曾有恐怖分子威胁将在贝布托回国后对其发动袭击当局日在卡拉奇部署了近万名安全人员以确保其安全贝布托于日下午抵达卡拉奇受到成千上万的人民党支持者的欢迎根据安排巴政府将为贝布托提供一辆防弹汽车护送她去巴国父真纳墓贝布托将在那里对欢迎民众发表讲话爆炸发生后贝布托取消了该计划巴总统穆沙拉夫和总理阿齐兹对此次袭击事件表示强烈谴责,恐怖袭击
印度孟买发生列车连环爆炸年月日当地时间月日傍晚印度西部城市孟买发生起连环爆炸事件已经造成了至少人死亡连环爆炸事件发生在傍晚运输高峰时段地点位于交通密集度较高的西线城铁印度政府宣布孟买列车连环爆炸事件是恐怖袭击事件要求孟买所有敏感地区进入一级戒备状态警方怀疑列车爆炸由遥控或者定时炸弹引起,恐怖袭击
车臣体育场爆炸案两嫌疑人被抓获均为车臣居民年月日年月日俄罗斯车臣共和国首府格罗兹尼一座体育场发生恐怖爆炸造成余人死亡包括车臣总统艾哈迈德卡德罗夫新华网莫斯科月日电记者张金海俄罗斯总统驻南部联邦区全权代表雅科夫列夫日宣布参与车臣首府格罗兹尼狄纳莫体育场恐怖爆炸案的两名嫌疑人已被抓获据俄媒体报道雅科夫列夫在卡巴尔达巴尔卡尔共和国首府纳尔奇克举行的记者招待会上说被抓获的两名嫌疑人都是车臣居民一人岁另一人岁调查证实他们与狄纳莫体育场恐怖事件有直接关系俄副总检察长弗里金斯基日也证实被拘押的这两人组织和实施了狄纳莫体育场爆炸案车臣首府格罗兹尼的狄纳莫体育场月日发生爆炸炸死车臣总统卡德罗夫车臣国务委员会主席伊萨耶夫等人调查表明爆炸物是事先安置在主席台下的爆炸事件发生前车臣有关部门专门对狄纳莫体育场的主席台和看台进行了维修工程直至月日才结束月日俄警方在车臣乌鲁斯马尔坦区抓获了一名参与体育场修复工作涉嫌恐怖事件的建筑工人,恐怖袭击
联合国安理会强烈谴责昆明暴力恐怖袭击事件年月日新华社联合国月日电联合国安理会日发表媒体声明以最强烈的言辞谴责日发生在中国昆明火车站造成大量无辜平民死伤的恐怖袭击事件呼吁将恐怖袭击实施者组织者资助者和支持者绳之以法声明说安理会向这起非常丑恶的恐怖袭击的受害者及其家人以及中国人民和政府表示最深切的同情和慰问,恐怖袭击
世界杯险遇恐怖袭击警方发现犯罪组织欲炸桥年月日巴西当地媒体月日报道巴西联邦监狱系统日前发现一起犯罪分子企图炸毁通往世界杯举办城市库里蒂巴的一座桥梁以破坏世界杯的阴谋报道说巴西联邦监狱系统去年月对犯罪集团首都第一司令部服刑人员对话进行了监听发现两名犯人在讨论炸毁连接库里蒂巴和圣保罗两座城市间号国道上一座桥梁的计划并将监听内容汇报给了巴西司法部司法部立即通知库里蒂巴所在的帕拉纳州公共安全和司法局巴西联邦监狱系统再次强调任何在监狱中的非正常行为都在他们的监控之中帕拉纳州警方也做好了各种准备保证世界杯在库里蒂巴顺利举行,恐怖袭击
上海一家公司多名员工食物中毒年月日据新民网信息月日新民网接到网友报料称今日中午位于上海亭枫公路号的顶新箱包公司中有多名员工食物中毒被送往医院治疗其中人有生命危险新民网记者前往食物中毒工人所在的金山中心医院里看到有人在呕吐并获悉今日中午顶新箱包公司的多位员工吃了外订的盒饭后下午时左右陆续有人出现呕吐腹泻症状被送往了金山朱泾地段医院随后因有名员工的病情比较严重被转入了金山中心医院其中人有生命危险据医生介绍顶新箱包公司员工中毒的主要症状为头晕呕吐腹泻目前正在治疗中发生多人食物中毒后顶新箱包公司负责人表示不就是拉个肚子么没什么大不了的并拒绝记者的采访,食物中毒
石家庄一工厂因豆角未炒熟致人中毒年月日本网讯记者孟祥超日下午石家庄市卓达服装城一工厂余名工人陆续出现四肢无力恶心呕吐等食物中毒症状当晚被送医院救治多名患者称他们午餐进食了半熟的炒豆角导致食物中毒卫生部门事发当晚介入调查日时许河北朝仁医院急诊科内十几名年青男女面色凝重依次坐在椅子上打吊瓶另两间治疗室内的床位上也有几名同样症状的患者一男子床位旁安放了重症监护仪,食物中毒
肇庆一家三口突发重病食物中毒惹的祸出处大洋网关键字肇庆一家三口重病食物中毒目前男主人身体状况稍有好转仍在医院治疗观察信息时报讯记者周伟龙月日情人节碰上元宵佳节本应是喜上加喜日子但当日下午时许肇庆市四会益群街号出租楼楼下气氛却非常紧张在将出租屋封锁了一段时间后几名民警从里面抬出两具用白色棉被包裹的尸体昨日记者赶到现场核实到死者为一对母女事故中女孩父亲被送往医院抢救至于事故原因家属猜测系食物中毒所致,食物中毒
甘肃武威第一幼儿园名儿童食物中毒年月日月日上午甘肃省武威市第一幼儿园部分儿童出现发烧呕吐肚子痛等症状经当地卫生部门初步诊断该幼儿园发生食物中毒事件截至日上午时该幼儿园的多名儿童到医院接受了检查其中名儿童确诊为明显中毒留院治疗记者从武威市了解到日上午武威市第一幼儿园个别儿童出现发烧呕吐肚子痛等症状当天下午有上述症状的孩子明显增多幼儿园立即向凉州区卫生局汇报情况之后幼儿园按照上级部门要求通知家长孩子出现发烧肚子痛等症状立即带孩子到武威市人民医院儿科检查治疗武威市人民医院启动突发事件紧急预案并且抽调所有医护人员赶赴儿科对这次大型的突发公共卫生事件救治工作全部垫资对所有前来检查治疗的儿童全部实行免费由于担心自己的孩子也出现中毒症状有百余名儿童陆续在家长的带领下到医院观察治疗到当晚时武威市人民医院儿科住院部所有床位满员之后来检查的部分孩子转院到凉州区人民医院截至记者发稿时武威市卫生部门确定名儿童有明显中毒症状正在医院接受治疗据凉州区卫生局介绍发生中毒事件的幼儿园所有餐具已经封存并移交武威市疾控中心检验,食物中毒
湖北公安县发生食物中毒人死亡年月日东方网来源长江商报月日信息昨日中午时分左右荆州市公安县甘家厂乡发生特大食物中毒事件一废品收购站名工人集体吃完午饭后出现食物中毒两人当场死亡另人被送住医院其中人因抢救无效死亡事发后省委书记省长罗清泉指示全力抢救中毒人员省政府副秘书长周贤启赶赴现场调查处理目前当地政府已经启动了应急预案成立了个小组调查事故原因和处理善后工作截至记者昨晚时发稿两名中毒者仍在抢救之中,食物中毒
广东湛江名小学生疑因食用不洁食物中毒年月日南方都市报月日信息记者涂峰通讯员朱浩前日下午湛江市徐闻县下桥镇糖厂小学发生一起严重食物中毒事件共有名学生送到医院救治至目前止确定食物中毒的学生为名另名入院学生因精神过度紧张导致肚痛现已排除食物中毒初步调查学生疑因食用不洁食物引起中毒据了解月日时许徐闻县下桥镇糖厂小学的住校学生在饭堂里吃过中午饭后部分学生出现肚痛呕吐或头晕等中毒症状下午时许共有名学生出现不适症状并被紧急送到下桥镇卫生院救治随后被送往徐闻县人民医院救治据六年级学生宋文忠说他是因中午吃了学校饭堂里的饭菜后出现肚子疼痛的在旁边的两名女生也点头表示他们都是吃了中午饭感觉不舒服的在医院治疗的学生普遍表示他们中午吃饭时都吃过一种名叫雪豆的蔬菜当晚点医生称名学生经抢救除了其中两名仍有呕吐外其余名情况已稳定徐闻县公安卫生等部门已展开调查目前中毒原因仍不清楚有关部门初步调查学生们有可能因吃了不洁雪豆而引起中毒,食物中毒
深圳龙岗区一家工厂数百人食物中毒年月日昨天下午三四时位于深圳龙岗区平湖街道一家港资厂发生一起罕见的员工集体食物中毒事件知情人士透露中毒人数约人但平湖街道办统计的中毒人数为人目前大部分员工经已治愈回厂至记者截稿止仍有部分员工在医院继续治疗事发的工厂是一家名为港华鸿记厂的港资厂该工厂有员工近三千人主要生产相框昨天下午三四时许该厂数百工人陆续出现头晕头痛呕吐腹痛四肢麻木心慌等症状由于出现此症状的工人越来越多该工厂的负责人马上组织车辆将出现症状的员工分别送往平湖人民医院山厦医院深联医院横岗人民医院沙湾医院急诊科等几家医院紧急施救,食物中毒
新加坡发生集体食物中毒事件人死亡年月日新华网新加坡月日电记者张永兴据新加坡媒体报道新加坡百余人日前发生集体食物中毒其中一名马来族妇女经医治无效于日死亡据报道这些人日先后在新加坡一家临时摊位上食用了印度食物罗惹发生食物中毒症状其中一名岁的马来族妇女情况最为严重目前还有人在医院接受观察治疗,食物中毒
深圳一足浴城多名女技师食物中毒已脱离危险年月日新华网深圳月日电记者王传真深圳市南山美都足浴城多名女技师日午饭后相继出现胸闷恶心等中毒现象被紧急送往医院救治后已全部脱离危险据了解这多名女工日午饭可能因食用问题四季豆而引起中毒反应被及时送到深圳市南山蛇口人民医院紧急抢救后全部脱离危险医院从各科室调集骨干人员对中毒女工进行治疗和护理目前患者情绪稳定,食物中毒
广东河源名学生疑集体食物中毒年月日日河源市连平县上坪镇第二中学发生一宗疑似食物中毒事故该校名学生在学校统一用过早餐后发生集体疑似食物中毒据当地政府有关负责人介绍昨日上午连平县上坪二中有名学生进食了校方提供的一盘红萝卜和鸡蛋炒粉丝昨天下午时分左右这批学生先后出现上吐下泻腹痛头晕等现象校方发现后立即将名疑似食物中毒的学生急送到当地医院抢救经过医院医生输液催吐等治疗后昨晚已有部分学生陆续出院但截至昨晚时分记者发稿时止仍有多名学生在医院观察救治中昨晚时分连平县政府在该县上坪镇召开全县食品安全紧急会议部署有关地毯式清查各镇学校食品安全大行动据介绍这次疑似食物中毒事故初步估计是由于该校学生进食了变质食物所引发的昨晚当地卫生监督所疾控中心等部门正在提取相关样本进行化验,食物中毒
山西女篮赛前食物中毒年月日来源沈阳晚报作者李庆实沈阳晚报沈阳网讯记者李庆实年的第一天辽宁女篮在联赛中不仅终结了山西女篮的连胜同时也送给了对手赛季首败不过山西女篮大部分球员在赛前出现了食物中毒的症状这也影响了她们的整体状态辽宁与山西的比赛原计划在本周二进行但是在赛前出现了突发状况山西女篮大部分成员出现了集体食物中毒的症状除了外援摩尔以及马良周君珊吴迪之外其他队员均出现不同程度的呕吐以及腹泻等症状并前往医院进行治疗昨天沈阳晚报沈阳网记者从辽宁省篮协一位官员那里了解到这次出现食物中毒症状的源头并不是在辽宁这边而是她们之前在宁波时下榻的酒店,食物中毒
河南叶县廉村小学人中毒续校长被停职年月日本网最新消息叶县廉村镇实验学校学生全部返校恢复上课校长停职检查公安机关已经介入调查下午时分叶县当地政府部门给本网发来情况通报称月日上午时叶县廉村镇实验学校几名学生出现恶心上腹部疼痛等类似食物中毒反应经县派专家组诊断查明这几名学生系食用不洁食物引起的胃肠道反应另有部分学生属心因性发病月日有人到医院就诊其中人有轻微反应截止月日时专家组对廉村镇实验学校的相关学生进行了统一体检学生身体健康全部返校该校已恢复正常上课学校秩序井然事情发生后平顶山市叶县党委政府高度重视立即成立了医疗救治事件调查综合协调社会稳定工作小组奔赴廉村镇开展工作公安机关也已介入调查,食物中毒
大马囚犯食物中毒年月日来源云南信息报马来西亚槟城监狱超过名囚犯上周五吃了狱方食物后腹泻不止成为马来西亚有史以来最多人集体食物中毒的个案马国卫生部表示截至昨天仍有人尚未痊愈卫生部主管公共卫生的副总监鲁门昨天在声明中说上周五发生在槟城监狱的集体食物中毒事件共造成名囚犯腹泻他表示截至前天上午时其中名病患已经痊愈不过仍有人轻微腹泻他说这所监狱共有名囚犯当局调查发现事发当天上午狱方提供大宝森节特餐辣椒鸡饭出现问题当天的食物是由四名厨师和名囚犯负责他说厨具及食物样本都已送化验结果最快五天后出炉他已下令监狱全面消毒,食物中毒
急祖孙俩食物中毒快警车引领开辟生命通道文章来源长城网长城网衡水月日电王其壮王永宏扈炜月日下午一点半左右衡水交警直属一大队邓庄中队班长张春生带领民警正在大广高速滏阳出口执行安保任务突然一辆黑色轿车紧急刹车停在身边一名中年男子跑过来拉住张春生的手大声喊道民警同志求你们帮帮我男子告诉他母亲和孩子中毒昏迷了张春生看到车上老人和孩子昏迷不醒特别是孩子脸苍白眼紧闭口发紫张春生果断安排用警车开道去医院为生命争分夺秒通往医院的路要经过国道衡德路省道特别是市区里的交通岗张春生知道多抢一秒就等于给中毒的祖孙俩多一分生还的希望他一面向领导汇报一面用对讲机和沿途各岗联系请求提前疏通道路为患者开辟绿色通道最终使原本半个小时的路程缩短成不到分钟患者顺利到达了哈励逊国际和平医院然而对症下药必须对呕吐物进行化验张春生再次发动警车带着这一家人又赶到了衡水市毒物检测中心通过检测得知他们为硝中毒知道中毒原因后医院立即进行治疗半个小时后祖孙俩相继脱离生命危险医生告诉中年男子感谢人民交警吧如果再晚来几分钟孩子的命有可能就保不住了中年男子一听泪如泉涌双膝跪在两位交警面前说衡水交警可救了母亲和儿子两条命啊把张春生和同事弄了个不知所措忙把中年男子拉起身来说别这样这是我们应该做的老人孩子都没事我们非常高兴,食物中毒
黑龙江鸡西市多名小学生疑似食物中毒年月日新华网哈尔滨月日电记者王春雨曹霁阳熊琳记者从黑龙江省鸡西市教育局了解到截至日上午鸡西市所小学共有名学生因出现呕吐腹泻等疑似食物中毒症状去医院就诊目前情况稳定无住院病例据了解这名学生都是在食用了一家配餐公司供应的盒饭后于日下午陆续出现轻微呕吐或腹泻等症状经过医院诊治后现已经全部返回家中事件发生后鸡西市卫生行政部门立即采取紧急措施在第一时间内成立了医疗救治组卫生监督组以及流行病学调查组对患者进行紧急救治对企业进行卫生监督并对患者的呕吐物进行化验同时要求各医疗机构发现前来就诊的患者立即进行救治并及时报告目前出现问题的送餐企业已经停业整顿具体发病原因正在调查中,食物中毒
江苏丹阳近百学生食物中毒警方展开调查年月日年月日上午江苏镇江丹阳市皇塘镇吴塘初级中学发生学生集体食物中毒事件近百名学生因为吃了学校食堂的早餐后恶心呕吐其中名严重者甚至抽搐昏迷据了解吴塘中学今年将初中部和高中部分开发生此次中毒事件的是吴塘初级中学该校共有个班级多名学生其中寄宿生有多人当日上午寄宿生们和往常一样到学校食堂就餐食堂提供的早餐有稀饭包子馒头月饼榨菜学生们吃完了早餐上早读课时陆续出现了脸色苍白肚子疼痛恶心呕吐等症状学校老师见状赶紧将他们送到了附近的皇塘卫生院治疗中毒学生越来越多到时分左右已有近百名学生被送到医院急救其中有三女一男由于抽搐时间过长已昏迷被急送丹阳人民医院抢救据吴塘初级中学办公室主任江涛介绍据统计有近百名学生中毒了学校一天都没有上课该事件具体原因还在调查当中警方已经将早餐的食物取样进行化验学校食堂是承包出去的承包人已被警方带走,食物中毒
印度发生假酒集体中毒事件人亡人送医治疗年月日来源中国新闻网中新网月日电据外媒日报道印度警方说近日印度北部发生假酒集体中毒事件目前至少人因饮用含有毒物质的自酿酒丧生另有人感到不适被送医据报道印度一名警官说这起事件发生在周四日地点在北方邦阿桑加尔地区一处山村数十村民在饮用一处商店买来的自酿酒后感到身体不适被送往当地医院接受治疗截止目前已有人不治身亡死者大多数是劳工目前还有人在饮用毒酒后在医院内接受治疗当局针对此事展开调查并将名政府官员和名警察暂时停职分析称印度近年来假酒中毒事件频发为了增加酒的烈度没有取得酿酒执照的非法商家在酒中添加化学物质往往损害人的健康严重时可致人死亡,食物中毒
陕西丹凤名中学生食用生豆角中毒年月日西安晚报洛信息月日中午丹凤县武关中学发生食物中毒事件名学生用餐后感觉身体不适其中一半学生出现呕吐症状据了解当天恰逢中秋节武关中学学生食堂为改善伙食午餐向学生提供炒豆角和土豆炒肉片主食是米饭学生食用后有人感觉身体不适其中人出现呕吐症状校领导见状立即决定将呕吐学生送往县医院治疗其余学生则被送往镇卫生院观察丹凤县委县政府主要领导闻讯后赶往医院看望并紧急召集卫生药监教育公安等部门全力做好对中毒学生的抢救和中毒原因的调查经调查和化验初步确定为豆角未炒熟引发食物中毒记者发稿时获悉中毒学生昨日下午已陆续出院返回校园病情基本得到控制,食物中毒
台中名学生疑似午餐后食物中毒紧急送医来源东南网东南网月日讯据台湾媒体报道台中市梧栖中学名学生昨天吃完午餐下午时许陆续出现腹痛少部分学生甚至发烧紧急送童综合医院急诊治疗已陆续出院梧栖中学教务主任表示学生吃完午餐后就反映肚子感觉怪怪的陆续出现恶心腹痛及发烧怀疑是食物中毒也不排除可能是感冒引起已抽血检验台中卫生局食品药物管理科长邱惠慈指出卫生局接获通报后已派人到梧栖中学采样并要求供应营养午餐的餐盒厂立即停工卫生局指出梧栖中学学生昨天中午吃了沙茶拌面肉排菜头豆轮酱香肉丸蔬菜及冬菜粉丝汤,食物中毒
大理州巍山县处置一起食物中毒事件年月日巍山县大仓镇甸中村委会一村民家中因办丧事酬客引发一起较大食物中毒事件有人中毒巍山县委政府及相关部门高度重视在大理州疾病预防控制中心专家及巍山县疾病预防控制中心相关工作人员的共同努力下经过大量的流行病学调查和实验室检查认定此次事件为沙门氏菌引起的细菌性食物中毒事件经对症支持治疗名中毒者己于月日全部治愈愈后情况良好在现场处置的同时疾控工作人员向村民们讲解了预防食物中毒的措施并且通过电视等媒体广泛宣传了预防食物中毒和肠道传染病发生的知识提高了群众注重食品卫生的意识,食物中毒
澳门人食物中毒与进食问题生蚝有关年月日新华网月日信息记者张家伟澳门特区政府卫生局疾病预防及控制中心日表示目前累计有人在本地自助餐厅进食后出现食物中毒症状其中大部分与进食问题生蚝有关卫生局最早在日公布说有名来自三个群体的港澳人士月日至日期间在澳门金沙酒店用餐后出现不适患者陆续出现发热呕吐和腹泻等类诺沃克样病毒感染的症状初步调查显示上述情况可能和进食生蚝有关,食物中毒
河南卢氏县婚宴致人食物中毒年月日中新网信息月日中午百余名东街村村民参加婚宴后出现恶心呕吐和头晕等不适症状后被诊治为轻微食物中毒多名轻微食物中毒者在河南卢氏人民医院内科病房接受诊治截止月日早时到医院接受检查的达人留门诊观察的名村民已有人解除肠胃不适症状人继续留门诊观察无生命危险当日参加婚宴的村民有人涉及个乡镇事件发生后卢氏县已组织卫生工商食监质监动检和公安等部门对该县食品经营单位进行一次拉网式检查开展食品安全专项治理行动经三门峡市和卢氏县警方调查初步排除人为投毒事件目前事件原因在进一步调查中村民情绪稳定,食物中毒
云南丘北一幼儿园学生疑似食物中毒长江商报消息两名女孩经抢救无效死亡来自西陆军事新华社电记者从云南省文山壮族苗族自治州丘北县委宣传部获悉日丘北县双龙营镇平龙村佳佳幼儿园名学生疑似食物中毒其中情况较为严重者人目前人抢救无效死亡其余人正在全力救治中中毒原因正在进一步调查中,食物中毒
北京余工人食用扁豆后集体呕吐年月日京华时报月日信息记者赵晓路昨天上午北京市海淀区人大附中内一工地部分工人在食用扁豆后先后出现呕吐腹痛头晕等症状疑似食物中毒多名工人被分别送往海淀医院和四季青医院就诊目前海淀区卫生局正在就此事进行调查当天下午附近的海淀医院收治了该工地名工人另有名工人被送往四季青医院海淀医院医生表示从病人症状看疑似食物中毒下午点海淀区卫生局的工作人员赶到海淀医院了解情况一名江苏籍的工人接受询问时说当天上午点左右他们在工地吃饭菜是扁豆和白菜有些扁豆发脆饭后不久他就出现头晕恶心等症状接连呕吐两次而且腹部疼痛在医院看护的民警说该工地共有多名工人午饭后不久多名工人出现呕吐症状下午点左右又有部分工人出现呕吐等情况据介绍工人们的病情都已得到基本控制不太严重目前海淀区卫生局正在就此事进行调查鉴于短期内连续发生扁豆食物中毒海淀区卫生局已向社会发出紧急预警建议集体食堂尽量避免食用东北油豆并将扁豆烹熟后食用,食物中毒
内蒙古宁城人集体食物中毒年月日据新华网月日信息宋景军据内蒙古自治区宁城县人民政府月日介绍月日下午宁城县甸子镇黑城村四组发生人集体食物中毒事件目前已有人出院据了解月日中午宁城县甸子镇黑城村四组一户农民在家中办丧宴人出现食物中毒症状经当地医院对症治疗患者陆续出院据介绍事件发生后宁城县委县政府公安局卫生局医院等部门采取积极有效措施迅速展开抢救病人了解情况勘察现场调查取样等工作截至记者发稿时已有人痊愈出院住院人病情稳定预计月日可出院,食物中毒
北京幼儿园校餐致近名儿童中毒年月日新京报月日信息记者展明辉葛江涛昨日下午北京市昌平区回龙观镇西半壁店村一幼儿园近名儿童和名老师因食用未煮熟的扁豆而中毒入院事发后昌平区政府教委卫生局公安等部门联合行动救助患者并将该校负责人和厨师控制目前事件正在调查中出事的学校为汉硕双语幼儿教育基地属私人办学月日该校开学多名学生陆续返校上课据家长们称大部分孩子一般在学校吃午饭和晚饭两顿均由校方聘请的厨师制作昨日午饭的内容为米饭肉炒扁豆炒黄瓜和西红柿鸡蛋汤昨日下午时许有名孩子睡午觉时陆续产生了恶心呕吐等症状随后更多人出现不适校方遂联系医院开始救治我们大人都不知道这事到接孩子回家的时候才发现人都不见了家长们说昨日下午时许近名学生已经被接到了沙河医院抢救另有数十名孩子留在幼儿园内接受赶来的医生检查此外还有名老师也发生呕吐情况听说都是扁豆没煮熟闹的厨师还是刚来的家长们说昨晚时分许汉硕双语幼儿教育基地大门紧闭外面停有一辆留守的回龙观镇医院救护车此时孩子们已全部被送走校方工作人员仍在接受卫生监督所人员询问昨晚时许在父母的陪伴下十几名儿童仍在沙河医院观察室内打点滴治疗据院方介绍所有患者症状稳定没有危重患者据昌平区政府工作人员介绍称事发后他们立即启动突发事件应急预案区领导和教委卫生局疾病控制中心工商分局公安局等单位人员前往现场对此事展开调查并对该校全部儿童进行身体检查据该工作人员称由于现场已无剩余食品调查人员采集了相关的用具和食品容器送区疾病预防控制中心检验经现场了解全部患者都在幼儿园中用餐初步判断为夹生扁豆引起的食物中毒据昌平区有关部门调查汉硕双语幼儿教育基地属于汉硕文化发展有限公司该公司在海淀区注册在昌平属于非法办学该校食堂未取得卫生许可证擅自供餐食堂厨师来自安徽在西城区取得上岗证月日刚刚进校工作目前警方和卫生局已将该公司负责人和当事厨师控制对该校采取行政控制措施,食物中毒
湖北武昌名学生快餐店吃晚餐后食物中毒年月日荆楚网月日信息前日下午在武昌粮道街楚街坊快餐店吃晚饭后多名学生出现食物中毒的症状目前中毒学生已增至人昨日凌晨武昌卫生执法部门封存了该快餐店的原材料昨日下午记者来到该快餐店看到餐馆的经营面积只有三四十平方米已经停业厨房的冰柜等处被贴上武昌区疾控中心的封条店老板向某告诉记者昨日凌晨执法人员进店对食品原材料抽样后便进行了封存由于学生们吃的食物不一样中毒症状却一样医生初步判断是亚硝酸盐中毒对此向某称店里使用的是从正常渠道购进的正规盐据武昌区卫生监督所的负责人介绍前晚时许又有一些湖北美术学院的学生到医院治疗据初步统计共有粮道街中学和湖北美术学院的名学生中毒昨日大部分学生已出院只有少数学生仍留院观察武昌区疾控中心的有关负责人介绍经检验楚街坊使用的盐有问题但具体情况还要等调查报告出来了再通报,食物中毒
湖北咸宁市多人参加生日宴会后食物中毒年月日日咸宁市温泉开发区旅宁大酒店发生特大食物中毒事件至昨日已有多人出现不同程度中毒迹象由于治疗及时均无生命危险据介绍日温泉开发区泉塘村四组一村民和农行咸宁市支行一职工分别于中午和晚上在咸宁温泉开发区旅宁大酒店为小孩摆岁生日宴会加上散客当天共有名食客前往该酒店就餐当晚时许部分食客开始出现呕吐腹泻发烧等症状至昨日已有多人出现中毒症状事发后咸宁市委书记李明波市长李兵等到医院看望中毒病人迅速成立应急指挥部市政府拿出万元指定四家当地医院免费接待中毒病人就诊并通过当地新闻媒体发布消息通知当日在事发酒店就餐的食客到医院接受检查和治疗同时该市卫生局疾控中心和公安部门迅速对事发酒店进行查封并对酒店的食物抽样送检对酒店所有员工进行身体健康检查,食物中毒
广州天河一家鞋厂员工食物中毒年月日时报讯记者张立璞实习生罗阳辉罗伊珊昨日下午时许在天河区小新塘附近的安鞋厂工作的员工们突然感觉身体出现不适上百人不同程度出现呕吐头晕等食物中毒症状事件发生以后工厂方面立即安排车辆将这些员工送往附近的社区医疗服务中心救治有关部门初步怀疑是进食了未煮熟的四季豆引起的生物性中毒医院对入院员工及时进行了补液护肝等对症治疗据现场一位区卫生部门工作人员透露目前在社区服务中心接受治疗的员工共有人经过治疗所有患者情况都基本稳定没有生命危险,食物中毒
青海发生一起疑似食物中毒事件已有人入院年月日来源中国新闻网中新网西宁月日电胡友军记者刚刚从青海省妇女儿童医院和青海省人民医院了解到西宁市月日发生一起疑似食物中毒事件截至日时有人入院观察或治疗其中一名岁男童和一名岁女子院方已下达病危通知书据事件亲历者高先生介绍其妹月日时在西宁市城东区德令哈路锦峰大厦举行婚宴亲朋好友余人参加宴会宴席于时分左右结束时许在该酒店用餐的客人中有人陆续出现吐血腹泻呕吐等现象随后人被送往青海省人民医院救治名儿童被送往青海省妇女儿童医院救治人中有人病情较重有吐血便血休克症状有生命危险日清晨又有人被送往医院救治昨天我忙着招呼亲戚朋友吃得比较少目前没有什么症状高先生说两家医院救治大夫均表示所有患者正得到积极救治从症状看疑似食物中毒具体中毒源尚不清楚目前西宁市公安局城东分局正做进一步调查涉事酒店已经垫付医疗费用完,食物中毒
哈尔滨名小学生疑似食物中毒入院治疗年月日新华网月日信息哈尔滨市平房区平新镇新华小学名小学生日在食堂吃完午饭后出现呕吐头晕等食物中毒症状被紧急送往医院治疗截至日中午仍有名小学生继续住院接受治疗据了解这些学生发病前食用过豆角日上午记者在哈尔滨二四二医院儿科病房看到三四间病房内住着正在治疗的小学生有的正在打点滴据了解孩子们来自平房区平新镇新华小学年龄岁到岁据哈尔滨二四二医院儿科主任陈松柏介绍日下午点半到晚点半该医院陆续接治了名临床表现为恶心呕吐头晕的小学生由于学生人数较多情况紧急医院开通了绿色通道当班医护人员全部投入救治卫生防疫部门也到现场取样发病原因正在调查中陈松柏说这些小学生具有较典型的食物中毒症状诊断结果为由饮食不当引起的胃肠功能紊乱医院对其采取了洗胃催吐输液等治疗措施截至日中午有名学生出院仍有名学生留院治疗目前情况基本稳定,食物中毒
村民家办婚宴食物中毒撂倒人人身亡年月日来源生活报记者日在鸡西市委宣传部获悉日鸡西市鸡冠区西郊乡团结村村民参加一村民家办婚宴后自日起到日陆续有人出现不适症状其中人经抢救无效死亡人尚未脱离危险其余人病情稳定根据临床表现初步诊断为代谢性酸中毒接到报告后鸡西市委市政府高度重视市区两级政府立即启动应急预案成立事件处置领导小组由主管副市长任组长要求卫生部门组织专家全力做好入院人员救治工作公安部门已封存婚宴剩余酒饮料等食品并会同工商质监食药商务等部门对酒饮料等食品的生产及流通等环节开展调查取证工作目前事件原因正在调查中记者徐日明,食物中毒
北京行知实验学校名学生食物中毒年月日月日下午北京行知实验学校的名学生因食物中毒被送进武警总医院儿科其中最大的岁最小的只有岁目前患儿的心率血压和脉搏平稳没有生命危险只有病情稍重的两名孩子需要住院观察北京行知实验学校共有余名学生大多数为打工子弟平时在学校订餐的学生共有人据学校负责人介绍他们是按照教育部门规定在某配餐公司订的餐三年级中毒学生小芳说午饭除了米饭有点儿黏也没有尝出来啥怪味等学校广播通知将饭菜收回时她已经吃了半碗米饭据悉全校共有余名孩子报告老师说不舒服小芳和其他名症状较重的孩子被送到武警总医院检查结果初步表明孩子们是食物中毒引起的急性胃肠炎医生马上给予孩子催吐治疗同时输入抗感染液体并且补充糖盐水防止电解质紊乱下午孩子们基本都吐出了胃内残留的食物无生命危险据武警总医院儿科主任刘秋玲说已经给中毒的孩子做了心电图检查和相关血液检查但在近日内家长老师还要注意观察孩子有无迟发反应一旦有身体不适症状要尽早就医治疗虽然已经入秋但白日气温较高学校家长和配餐公司应该特别注意学生的饮食安全避免腐败变质食物端上孩子们的餐桌,食物中毒
湖北襄樊一所学校名学生食物中毒年月日荆楚网楚天都市报信息月日下午襄樊市襄阳区东津镇一小学的学生们在学校食堂吃饭后出现腹痛恶心等食物中毒症状经紧急处理至昨晚中毒学生均已出院当晚时许记者赶到医院医生正对多名小学生进行治疗一女生说当天下午刚上课有两同学喊肚子疼离开教室不久很多同学都喊肚子疼学校立即将他们带往校医务室和镇卫生院襄阳区委区政府闻讯迅速将学生们转到市内大医院调集专家会诊治疗该校名叫一社小学共有余名学生学生们均要求在校吃住据了解中毒学生当日中午都吃了食堂的白菜煮鸭子他们称吃鸭子时就已闻到臭味襄阳区委宣传部称中毒学生共人该校日买的鸭子连续吃了数天前几日都没出现问题经公安和卫生部门调查发现冰箱出了故障鸭子已腐败变质,食物中毒
北京东城当代幼儿园多名孩子呕吐被疑食物中毒来源大公财经大公财经月日北京报道记者梁爽月日晚北京市民李芳馨女士下称李女士注文中的李芳馨及其孩子洋洋皆为化名向大公财经反映本月日李女士的孩子洋洋放学回家后出现头痛发烧上吐下泻的症状很可能是食物中毒李女士表示园里的很多孩子都出现了类似情况大概有多人对于这一事件幼儿园负责人陈某解释称我们已经把孩子们吃的食物送去东城区疾控防疫中心进行化验该负责人在接受大公财经记者采访时表示并不一定是食物中毒也存在其他可能要等检验报告出来才能确定李女士称这种疾病可以传染很多患儿家长也出现了同样症状北京东城区疾控中心相关负责人表示我们已经知道当代幼儿园疑似群体食物中毒事件现在收到检测样本检测报告还没出来此外该负责人还说这件事归北京东城区食药监局管不方便透露更多消息大公财经将进一步关注此事,食物中毒
广东发生食物中毒事件牛肉丸毒倒多小学生年月日昨天下午佛山市南海区里水镇旗峰中学发生特大群体食物中毒事件该中学内的小学四五六年级多名学生吃完午餐后下午时左右陆续发生大批学生肚疼腹泻呕吐等现象根据记者调查有多名小学生分别被送往里水医院沙涌门诊部大沥黄岐等镇级医院抢救旗峰中学已被警察封锁南海区及里水镇的各级领导赴各个医院进行指挥抢救和布置工作当地卫生防疫监测等部门正在查找原因截止昨晚记者发稿时南海区委区政府召开新闻发布会介绍是发生一起名小学生细菌性急性胃肠炎事件并无危重病人,食物中毒
德化县卫生局积极处置一起疑似食物中毒事件德化网月日凌晨我县两家县级医院陆续接收多名因腹痛腹泻呕吐等症状就医的病人县卫生局立即组织卫生监督所监督员疾控中心流调人员开展调查初步确定为疑似食物中毒经门诊对症治疗大部分患者痊愈截至月日尚有人住院治疗症状均已明显好转无危重病例憨鼠责编阿九,食物中毒
餐馆无证经营合肥余人中毒年月日新华网合肥月日电记者代群根据安徽省卫生厅月日中午的最新通报日在合肥市一饭店发生一起食物中毒事件出现中毒症状人员从开始的人升至人住院人数从人升至人日中午合肥市枞阳饭店承办多人的宴席时一些就餐者陆续出现恶心呕吐手脚麻木抽搐等症状共造成人中毒人住院治疗合肥市卫生局卫生监督所有关负责人说经初步调查这家枞阳饭店没有卫生许可证属于典型的无证经营有关部门正在对这一事件进行详细调查目前多名住院治疗的中毒者情况较为稳定尚未出现人员死亡的情况,食物中毒
东莞名学生吃食堂发馊剩饭致食物中毒年月日时报讯记者杨正飞肖汉民实习生余春平月日晚东莞市桥头镇北京师范大学东莞石竹附属学校名学生先后出现不同程度的呕吐腹泻等食物中毒症状事发后该校陆续分批将名学生送至桥头医院观察治疗经排查有名学生疑似食物中毒截止到昨日下午仍有名学生发烧名学生腹泻其余学生症状消失后已分批陆续送回学校,食物中毒
辽宁锦州一所小学百名学生食物中毒月日辽宁省锦州市凌海市班吉塔镇小学上百名学生在食用学校超市内出售的一种袋装食品后集体出现食物中毒现象学校及时将出现症状学生送往医院治疗,食物中毒
宝树清远纺织制衣有限公司职工食物中毒年月日月日宝树清远纺织制衣有限公司名员工在该食堂进食晚餐后陆续有人出现呕吐腹痛腹泻等食物中毒症状于月日早上陆续前往广清医院就诊市卫生局接报后立即组织市疾控中心市卫生监督所赴现场调查经流行病学调查及实验室检验认定是一起细菌性食物中毒事件,食物中毒
北京一印刷厂余工人食未炒熟扁豆致中毒年月日月日下午北京丰台区梅市口北京宇海印刷厂余员工出现呕吐和腹泻症状据武警总医院急诊医生介绍印刷厂员工出现此症状系食用未炒熟的扁豆致食物中毒现丰台区公安卫生部门正在对此事进行调查,食物中毒
内蒙古一所小学发生疑似食物中毒人发病年月日新华网呼和浩特月日信息记者李泽兵内蒙古自治区巴林左旗一学校月日发生一起学生疑似食物中毒事件截至日发稿时已有多名学生到医院接受检查名学生仍留院治疗观察但没有例出现重症据了解月日时分巴林左旗哈达英格学校发生一起学生疑似食物中毒事件至时分有名学生发病症状表现为腹痛恶心随即被送到医院巴林左旗卫生局局长邵建国介绍日上午又有一些身体感到不适的学生被送往巴林左旗医院进行检查截至目前累计有余名学生在医院接受了检查一些病情稳定的学生陆续出院留院观察的学生有名由于学生集中发病而临床表现为胃肠症状医生初步诊断为疑似食物中毒巴林左旗立即启动了食品安全事故应急预案成立了以分管副旗长为组长的现场救治指挥领导小组赶赴医院组织救治工作巴林左旗医院迅速组织全院力量救治中毒学生赤峰市巴林左旗两级卫生防疫部门已对学校食堂各类食品进行了采样封存调查了解食品的进货渠道目前检验结果还没有出来事故原因正在调查中巴林左旗哈达英格学校是一所寄宿制小学共有学生多人,食物中毒
哈尔滨学院部分学生食物中毒年月日日上午时许至下午时哈尔滨学院陆续有名学生因恶心呕吐等食物中毒症状到医院就诊人经检查无需治疗当时返校人接受了静脉输液治疗已返校目前有名学生留院观察情况稳定没有生命危险记者在接治这批学生的哈尔滨理工大学医院见到了正在输液的数学与计算机学院大二学生宋雅君据她讲日晚上在学校第二食堂吃了一碗面夜里两点出现呕吐早上被学校送到了医院哈尔滨学院院长葛文君介绍日上午时许学院得知部分学生出现肠胃不适的消息后立即开展了调查和排查安排出现症状的学生集中到医院进行检查治疗随后学校向哈尔滨市疾控中心报告了有关情况同时封闭了学校第二食堂据了解哈尔滨学院有所食堂出现不适的学生多数于日晚在第二食堂用过晚饭当晚共有约名学生在该食堂就餐此外还有一部分发生不适反应的学生未在校内就餐事件发生后哈尔滨市疾控中心对食堂食物进行了取样黑龙江省及哈尔滨市有关部门当即派人到现场了解情况,食物中毒
新加坡人食物中毒两人死亡年月日中新网月日综合外电报道新加坡发生集体食物中毒事件人在食用了当地一种很受欢迎的色拉后中毒其中人死亡新加坡卫生部发言人称一名岁的妇女在上周五食用了马来西亚色拉后中毒于日不治身亡另一名岁的妇女在日中毒死亡在食用了有毒色拉后中毒者出现腹部痉挛呕吐和腹泻现象此次事件被当地媒体描述为该国历史上最严重的食物中毒事件新加坡卫生部长称这起事件牵涉到多人是严重的问题当局会彻查事发原因他希望事件能提醒国人注意卫生的重要性目前仍有多人接受住院治疗其余人中毒迹象较轻不用住院,食物中毒
日本旅馆饭菜导致名观光客集体食物中毒年月日据中新网月日援引日本共同社报道日本宫城县政府日表示该县气仙沼市大岛观光旅馆丸荣的名客人出现上吐下泻等食物中毒症状其中人经检测查出诺罗病毒县政府已命令旅馆自日起停业天据该县政府称这人是来自山形县的团体观光客上月日起入住该旅馆宫城县政府从症状分析认定这是一次集体食物中毒事件原因是日旅馆提供的晚饭据说这些人症状较轻都在康复之中,食物中毒
华县突发疑似食物中毒事件记者华林杜鹏通讯员周海燕月号凌晨点多分华县大明镇高楼村发生一起疑似食品中毒事件截止昨晚时有多人出现不同程度的腹泻症状已分别在县人民医院中医医院接受治疗另有多人经检查无明显症状月号华县大明镇高楼村四组村民高和群为其父亲办理丧事举办筵席号凌晨点多参加筵席的部分群众先后出现腹泻症状事件发生后华县县委县政府高度重视立即启动突发食品安全事故救援应急预案县委书记薛东江指示有关部门全力开展救治工作正在南京参加招商活动的杨森明县长得知情况后电话要求尽快开展救治工作确保群众生命安全常务副县长简录民第一时间赶赴县医院指导救治工作现场成立了医疗救护事件调查安全保卫后勤保障等工作组迅速开展工作并要求县卫生局在全县范围内调配医护资源全力以赴开展救治工作确保群众的生命安全目前事件原因正在调查中,食物中毒
疑似食物中毒二十多工人送医日期年月日稿源南方都市报南都讯见习记者易海军实习生束亚男前晚龙华大浪天诚家具公司的多名工人反映称他们日晚在食堂食用过饭菜后于日上午至中午有数十人出现不同程度腹痛呕吐的现象有个别甚至出现身体抽搐疑似食物中毒事发之后大浪街道办及龙华疾控中心均介入调查目前仍在等待官方定性据天诚家具有限公司的一位不愿具名的工人介绍日上午至中午床垫车间陆续有十余名工友反映肚子痛并伴有呕吐腹泻的症状据介绍工业园内共有个食堂包括家具厂床垫厂苹果园及钓鱼台在内他所在车间的工人日晚上均在家具厂食堂食用饭菜第二日便出现疑似食物中毒的现象工人刘小姐介绍日晚上在苹果园食堂吃过饭后第二天早上一起来便感觉头晕腹痛身体还不时抽搐她称与她出现类似状况的有余人对于食堂出现的疑似中毒现象天诚家具有限公司分管食堂的负责人林先生昨日回应确有员工出现腹痛呕吐的情况总共有余人事故出现后我们就将这批病人送往龙华人民医院医院的诊断结果是肠胃炎据他介绍这些病人经过治疗后已经好转昨天上午均已正常开工事发之后市场监督局管理所及龙华疾控中心的工作人员均已介入调查目前还在等待对事故的进一步定性,食物中毒
罗马尼亚名中学生集体食物中毒年月日据新华网月日信息记者林惠芬罗马尼亚中部日发生名中学生集体食物中毒事件初步调查表明这些学生可能因食用过期巧克力棒中毒据报道事件发生在罗中部穆列什县卢杜什市第一中学该县公共卫生局局长西尔维乌莫拉留日对媒体说由于治疗及时多数中毒学生已脱离生命危险状况稳定目前只有名学生留院观察穆列什县当局已要求卫生部门调查这一事件,食物中毒
龙岗一小食店发生一起疑似中毒事件年月日年月日时左右龙岗区宝龙工业区一间小食店发生一起疑似中毒事件附近工厂共有名员工出现疑似中毒症状被送院治疗其中人经抢救无效死亡经医护人员的全力救治截至日时所有患者病情稳定已有人出院人留院治疗没有新增死亡病例此事已被正式确认为亚硝酸盐中毒事件,食物中毒
新疆伊犁名儿童食用自制酸菜食物中毒年月日亚心网讯月日新疆伊犁霍城县清水河镇牧场村的名女孩吃过饭后其中人出现食物中毒症状后昏迷经过救治人目前已脱离生命危险经伊犁州疾病预防控制中心初步鉴定名孩子是食用了自家腌制的酸菜后引起的中毒症状伊犁州疾病预防控制中心副主任范德生介绍说事发之后他们联合相关卫生防疫部门在事发孩子家发现自家腌制的酸菜经过检测酸菜的主要原料为豇豆而豇豆放在热的房间内容易发酵变质食用后会产生中毒现象目前他们正在对酸菜原材料的来源进行调查,食物中毒
通许发生集体食物中毒事件来源中原网郑州中原网讯记者熊堰秋殷海涛月日中原网记者从通许县官方获悉月日该县城关镇西仓村为一名孤寡老人办丧事集体进餐时数十名村民误食亚硝酸盐经入院治疗已陆续出院据网友反映月日下午家住开封市通许县城关镇西仓村的孤寡老人吴志群死亡事发月日当天村里组织村民集体给天志群办丧事一名做饭的为大家炖了一锅菜吃完饭后前来帮忙的人出现呕吐等情况随后被陆续送往当地一家医院救治,食物中毒
城东区发生疑似食物中毒事件全力救治中毒患者年月日来源青海新闻网作者徐顺凯青海新闻网讯月日凌晨西宁市委市政府接报城东区发生一起因市民婚宴引起的疑似食物中毒事件后市主要领导高度重视立即作出批示要求医院和相关部门全力以赴做好患者救治工作上午一上班省委常委市委书记毛小兵副市长市公安局局长张谦副市长王彤及城东区委区政府市食品药品监督等部门负责人赶赴省人民医院和省儿童医院看望慰问事件中的名患者安抚病人家属表达党和政府的高度关切在省人民医院急诊中心治疗室毛小兵详细询问医院治疗和病人康复情况当听到所有病人生命体征稳定无生命危险时毛小兵感到十分欣慰他来到病床前与患者亲切交谈仔细了解病情并表示党和政府一定会高度重视希望患者不要有心理压力积极配合治疗争取早日康复在看望省儿童医院收治的名儿童患者时毛小兵鼓励孩子们不要害怕好好配合治疗要求院方精心治疗精心护理尽快使孩子们康复在现场毛小兵听取了城东区政府和医院专家组的情况汇报对各相关部门快速启动应急预案积极组织抢救迅速稳定病情等各项工作给予了充分肯定对医护人员的辛勤救治工作表示感谢截至发稿前名患者生命体征稳定经治疗人恢复正常回家其余病患仍留在医院观察,食物中毒
广东东山中学余名学生疑似食物中毒年月日羊城晚报梅州信息记者黄蔚山通讯员连乐报道月日傍晚广东省梅州市东山中学发生一起疑似食物中毒的群体性感染疾病事件从晚上点多钟至深夜点左右先后有二十多位学生在校方和家长的陪同下被送往梅州市急救中心诊治事发后梅州市政府以及卫生教育等部门的负责人连夜守候在医院的大门并成立了群体感染性疾病的应急小组至日记者发稿时为止所幸这批学生暂无大碍昨晚已住进楼病房的高一班的张伟顺同学正卧床打点滴他告诉记者日上午他感到肚子疼一天共先后呕吐次至晚上六七点钟自觉很不适被送进了医院他说近两天来他都在学校的校区食堂用餐在另一个病房中高一班的刘某泰同学说日晚上他在高一校区食堂吃了肉菜后也出现反胃拉肚子直到日晚上入院后才知道该校高一级有多位同学也被送往医院急诊至今日凌晨时记者从住院部了解到病房中已住进了位疑似食物中毒的患者此外医院其它科室也分别有几位同学入院就诊目前疑似食物中毒的学生已基本无大碍,食物中毒
俄罗斯名儿童食物中毒被送院治疗年月日新华网莫斯科月日信息据俄塔社日报道位于俄罗斯西伯利亚中部的克拉斯诺亚尔斯克边疆区日发生一起儿童食物中毒事件名儿童已被送往医院接受救治俄塔社援引该边疆区消费者权益和公民平安保护监督局官员的话说事件发生在叶尔马科夫区礼花疗养院在此疗养的名儿童因出现食物中毒症状已被送往附近医院接受救治警方称这些儿童是在用过晚餐后出现中毒症状的警方已经对这起儿童食物中毒事件展开调查,食物中毒
渭南发生一起疑似食物中毒事件三秦都市报记者张军建陕西台记者华林杜鹏报道月号中午渭南市民沈老先生家人和亲戚人在渭南市三贤庄餐饮有限责任公司用过沈老先生岁寿餐后下午有人出现疑似中毒症状被送院治疗其中包括名儿童截止今天号下午一名岁儿童已出院还有名患者在医院接受观察治疗他们病情稳定均无生命危险当地卫生监督部门已介入调查此事网络编辑马艾莉,食物中毒
比亚迪重大食物中毒事件年月日深圳比亚迪公司月日所发生的名员工疑似食物中毒目前已造成人死亡截至日人仍留院治疗另外人已出院所有患者经医护人员的全力救治目前病情稳定均无生命危险,食物中毒
江西萍乡现多人食物中毒现象目前脱离危险来源中国新闻网中新网南昌月日电王姣中新网记者日从江西萍乡市委宣传部证实日下午时萍乡市湘东区老关镇平安花炮厂多名职工因食艾米古清明果出现食物中毒迹象事发后当地政府立即组织人员成立事故处置组凡是吃过艾米古清明果的职工被接到当地老关镇卫生院进行体检经检查部分职工身体有轻微中毒随即当地政府还派出专门车辆将中毒人员送往萍乡市医院湘东区医院进行治疗并安排工作人员留守各医院为患者协调服务目前就医人员均已脱离危险中毒原因正在进一步调查中完,食物中毒
湖南名游客在广西北海集体食物中毒年月日中新社月日信息邓玲李红林广西北海市旅游质量监督管理所相关负责人日透露个来自湖南的旅游观光团共人日在北海市一酒楼用完午餐后其中人先后出现呕吐及腹泻等疑似食物中毒症状遂被送往当地医院救治接治部分病患的北海市博铧医院证实这些观光客经诊断确为食物中毒院方表示由于食物中毒存在半个小时至个小时左右的潜伏期因此目前尚无法确定此次食物中毒事件的具体原因病情较重的唐姓观光客介绍她参加的这个观光共有人均为政府职员于日抵达北海展开他们的碧海蓝天之旅这位观光客称日中午她所在的观光团与另一个同样来自湖南的观光团在北海市一酒楼用完午餐半个时辰后她开始感觉腹痛并伴有上吐下泻的症状因天气炎热我就以为是自己中暑了随后又陆续有几名同伴出现相同症状这位观光客介绍说她所在的观光团共有九个人出现呕吐及腹泻症状日下午病发后被送往北海市人民医院救治但由于该医院设备及人手不足他们人遂转到该市博铧医院据悉在博铧医院接受治疗的病患有五名病患已于日晚间出院余下的四名病患称由于不喜欢吃海鲜他们日中午吃的食物多为小白菜及豆角等蔬菜中毒事件发生后北海市相关部门负责人于第一时间赶往医院处理相关事宜地接的当地旅行社亦承诺对此次食中毒事件的医疗费用负责截至发稿时发生食物中毒的观光客已陆续出院并踏上返家行程,食物中毒
北京顺义工地约百名工人食物中毒年月日来源法制晚报今天下午顺义北部一家在建工地约百名工人午饭后出现恶心呕吐等症状多辆救护车将其送往医院初步诊断为食物中毒据称午饭有红烧狮子头辣椒炒肉菜花等工人吃时就觉得酸吃完还有往上顶的异常感觉记者蒋桂佳郭谦,食物中毒
山西新绛民办中学名学生集体食物中毒年月日新华社太原年月日信息记者刘云伶日时起山西新绛县海泉中学名学生出现食物中毒症状陆续被送到当地医院救治目前仍有余名学生在医院接受观察和治疗记者从山西省教育厅了解到海泉中学是运城市新绛县一所较大的民办中学近日起部分学生提前开学并住校日时许名高中学生陆续出现呕吐等症状之后被送往新绛县两所医院接受救治初步被诊断为食物中毒时许新绛县卫生局和防疫部门对这起食物中毒事件进行了调查初步认定为学生因食物不洁引发食物中毒随即对学校的饭厅进行查封山西省教育厅体卫处负责人告诉记者目前多数学生已离院余名学生仍在接受观察治疗病情基本稳定据了解卫生部门已对发病学生进行采样山西省教育厅已就此事向全省学校进行通报并全面排查学校食品安全隐患,食物中毒
