word,freq
高考,2198
未来,1549
决定,1443
一个,806
可以,644
自己,594
不能,529
大学,510
不是,403
人生,392
但是,382
没有,373
可能,329
就是,323
如果,316
影响,316
努力,310
选择,310
什么,300
对于,284
工作,280
这个,238
很多,235
学校,235
来说,215
机会,210
成功,205
还是,200
因为,188
改变,181
我们,180
现在,178
重要,175
一定,171
只是,170
学历,160
孩子,160
觉得,151
或者,150
他们,146
社会,142
以后,135
读书,135
不会,133
同学,130
别人,130
考上,130
一次,130
那些,127
学习,125
学生,125
专业,125
问题,123
当然,120
事情,115
程度,115
普通人,115
成为,115
高中,111
毕业,110
很大,110
真的,110
985,110
能力,107
结果,106
生活,105
不好,105
比较,105
家里,105
成绩,105
不要,102
其实,100
应该,100
公平,100
而且,100
通过,100
知道,100
图片,97
本科,95
至少,95
父母,95
什么样,95
考试,95
家庭,93
个人,90
所以,90
还有,90
改变命运,90
优秀,90
只能,90
那么,86
需要,85
这种,85
大部分,85
这些,83
不了,83
任何,82
时候,81
背景,80
命运,80
其他,80
资源,80
一些,80
因素,79
的话,79
回答,76
进入,75
普通,75
一下,71
一条,70
只有,70
不同,70
这样,70
只要,70
初中,70
教育,70
之后,70
大家,70
概率,70
而言,70
城市,70
阶级,70
条件,68
起点,65
不过,65
最好,65
能够,65
一样,65
基本,65
一点,63
大多数,61
非常,60
已经,60
这么,60
甚至,60
唯一,60
最终,60
告诉,60
相对,60
好好,60
考得,60
四年,60
而是,60
出来,55
一般,55
一生,55
直接,55
想要,55
要是,55
时间,55
开始,55
一辈子,55
肯定,55
东西,55
同样,55
虽然,55
有些,55
就算,55
人脉,55
代表,55
行业,55
参加,50
绝对,50
公司,50
然后,50
考研,50
情况,50
211,50
最后,50
容易,50
也许,50
水平,50
确实,50
名校,50
看看,50
这是,50
比如,48
是否,48
看到,47
环境,45
发现,45
门槛,45
作用,45
基本上,45
道路,45
身边,45
怎么,45
发展,45
出路,45
职业,45
曾经,45
失利,45
中国,45
大学毕业,45
经历,45
目前,45
轨迹,45
接触,45
一直,45
一切,45
为什么,44
各种,43
农村,42
多少,40
喜欢,40
国家,40
竞争,40
时代,40
无法,40
一步,40
找到,40
清华,40
不错,40
完全,40
一种,40
认为,40
走向,40
大专,40
出身,40
加油,40
轻松,40
打工,40
二代,40
几乎,40
有人,39
思考,38
等等,38
以为,37
朋友,36
答案,36
三本,35
高度,35
特别,35
之前,35
意义,35
或许,35
后面,35
面对,35
工资,35
不行,35
一部分,35
方向,35
一本,35
几个,35
无数,35
毕竟,35
普通家庭,35
每个,35
简单,35
运气,35
通往,35
是不是,35
出生,35
为了,35
哪里,35
希望,35
老师,35
当时,35
创业,35
理想,35
怎样,32
一件,32
许多,31
首先,31
相信,31
认识,30
哪个,30
后悔,30
转折点,30
上限,30
知乎,30
一天,30
大学生,30
有没有,30
作为,30
第一个,30
可是,30
家族,30
确定,30
例子,30
关键,30
过程,30
之间,30
方式,30
知识,30
即使,30
本科生,30
只不过,30
更好,30
一份,30
里面,30
好好学习,30
那种,30
节点,30
不到,30
就业,30
故事,30
一年,30
当年,30
一路,30
两个,30
无限,30
研究生,30
出国,30
拿到,30
优势,30
掌握,30
接受,30
一句,30
今后,30
读研,30
视野,27
得到,26
似乎,26
博士,25
存在,25
县城,25
每天,25
事件,25
至于,25
不用,25
老人,25
价值,25
除非,25
在于,25
所有,25
办法,25
收入,25
那个,25
敲门砖,25
出去,25
平台,25
人才,25
个体,25
真正,25
考好,25
模式,25
梦想,25
特例,25
能否,25
永远,25
留学,25
如何,25
读完,25
打游戏,25
打算,25
美好,25
导致,25
一所,25
第一,25
亲戚,25
没用,25
类似,25
一道,25
带来,25
...,25
圈子,25
没考上,25
学姐,25
怎么样,25
以上,25
付出,25
要求,25
文凭,25
顶替,25
根据,25
某某,25
系统,25
获得,25
意味着,25
基础,25
时期,25
的确,25
遗憾,25
其中,25
后来,25
过去,25
之类,25
整个,25
我会,25
而已,25
选拔,25
考个,25
你们,25
马云,25
发生,23
阶层,22
同龄人,22
另外,21
奋斗,20
有着,20
算是,20
途径,20
思维,20
世界,20
出现,20
产生,20
相对来说,20
本事,20
见到,20
哪些,20
眼里,20
文化,20
规划,20
第一次,20
要素,20
中考,20
性格,20
明确,20
退路,20
大城市,20
三年,20
实现,20
不然,20
阶段,20
层次,20
高校,20
二本,20
拼搏,20
领域,20
放弃,20
做出,20
科举,20
观点,20
有钱,20
光明,20
发挥,20
招聘,20
题主,20
资本,20
达到,20
没考,20
因此,20
岗位,20
绝大多数,20
取决于,20
日后,20
一起,20
拥有,20
国外,20
最大,20
轻易,20
问问,20
起跑线,20
变成,20
罢了,20
必须,20
以及,20
相当于,20
结束,20
整天,20
上学,20
一分钟,20
感觉,20
才能,20
目标,20
考虑,20
将来,20
属于,20
冲刺,20
争取,20
关系,20
或者说,20
有点,20
自考,20
早已,20
清北,20
好不好,20
农民,20
不够,20
家境,20
才华,20
财富,20
方面,20
考到,20
捷径,20
并且,20
本来,20
老板,20
地方,20
一场,20
退学,20
从事,20
差不多,20
认真,18
学子,18
变化,18
态度,18
高三,18
定义,17
过于,16
无论,16
小学,15
985211,15
职场,15
包括,15
大众,15
共同,15
校园,15
不高,15
可能性,15
帮助,15
显然,15
提供,15
分量,15
样子,15
顶级,15
尤其,15
提升,15
&#,15
更加,15
也就是说,15
继续,15
考入,15
房价,15
理解,15
如此,15
有时候,15
指着,15
动心,15
继承,15
回来,15
出门,15
道理,15
清楚,15
前途,15
记得,15
输在,15
申请,15
前后,15
主要,15
哈佛,15
没读,15
诸多,15
院校,15
不少,15
氛围,15
实际,15
意志,15
穷人,15
难以,15
普遍,15
企业,15
混吃,15
思想,15
到底,15
一座,15
还会,15
美国,15
路上,15
稳定,15
以前,15
十年,15
差别,15
名牌大学,15
根本,15
实力,15
正常,15
这次,15
不得不,15
失败,15
不说,15
压力,15
艰难,15
夏天,15
准备,15
见识,15
如今,15
不谈,15
像是,15
应届生,15
底气,15
全国,15
赚钱,15
要说,15
一线,15
扇门,15
专升本,15
朋友圈,15
那样,15
从来,15
表现,15
各位,15
尽量,15
积累,15
擅长,15
走出,15
享受,15
制度,15
剩下,15
妻子,15
试卷,15
保研,15
富有,15
房子,15
眼界,15
想法,15
结论,15
逆袭,15
跃升,15
服务员,15
必要,15
迷茫,15
不仅,15
看重,15
其他人,15
左宗棠,15
很难,15
金圣叹,15
爸妈,15
每年,15
成长,15
有用,15
心态,15
精神,15
不如,15
取得,15
素质,15
小区,15
做好,15
距离,15
估计,15
上升,15
定位,15
优点,15
当下,15
却是,15
具有,15
本科毕业,15
差距,15
终生,15
外卖,15
市场,15
无数个,15
明白,15
专科,15
进行,15
小孩,15
追求,15
读博,15
处于,15
努力学习,15
第二个,15
少数,15
还要,15
巨大,15
现实,15
接下来,15
不想,15
不断,15
无疑,15
乃至,15
人家,15
至关重要,15
信念,15
变数,15
不敢,15
一段,15
所有人,15
螺丝钉,15
天赋,15
顺利,15
行行出状元,15
读书无用,15
抓住,15
遇见,15
北京,15
创造,15
来看,15
分数,15
20,15
地位,15
家长,15
终点,15
不管,15
只会,15
彩票,15
这辈子,15
毕业生,15
同时,15
原因,13
好坏,12
全家,12
混个,12
本人,11
身上,11
这里,11
有关,10
开发,10
最快,10
挑战,10
贫穷,10
所谓,10
复杂,10
背后,10
冲锋,10
通道,10
挂科,10
想想,10
来自,10
娃娃,10
某些,10
几天,10
对待,10
向往,10
多一点,10
坚持,10
往往,10
技能,10
贫困家庭,10
前提,10
反正,10
老百姓,10
抗压,10
东北,10
一代,10
一把,10
风景,10
十八,10
比尔盖茨,10
每一件,10
录取,10
然而,10
一战,10
决定性,10
重视,10
成就,10
翻身,10
充满,10
一大,10
生气,10
很少,10
有矿,10
无非,10
资格,10
儿子,10
目的,10
尽力,10
各行各业,10
拿出,10
整体,10
地区,10
大体,10
同胞,10
hard,10
资产,10
总体,10
34,10
人均,10
弯路,10
考题,10
光环,10
理由,10
待遇,10
留在,10
事业,10
一考定,10
十八年,10
师资,10
女儿,10
同城,10
生得,10
网红,10
泡沫,10
高薪,10
考生,10
这篇,10
某一方面,10
些许,10
目的地,10
松懈,10
这件,10
一切都是,10
5k,10
提高,10
多种,10
事物,10
到达,10
好像,10
就此,10
增大,10
不必,10
想着,10
对比,10
年轻,10
造成,10
一连串,10
果园,10
建议,10
他会,10
具体,10
走路,10
展现,10
无所谓,10
下海经商,10
很多年,10
眼中,10
看做,10
照样,10
承认,10
跃迁,10
原生,10
富贵,10
不至于,10
人群,10
体会,10
内卷,10
重大,10
自由,10
竟然,10
数学,10
城里,10
突破,10
相关性,10
最近,10
路径,10
博士生,10
单一,10
不足以,10
明星,10
家徒四壁,10
投胎,10
时光,10
档次,10
发光,10
外部,10
教育资源,10
巅峰,10
赶集网,10
盒子,10
这部分,10
绝大部分,10
我家,10
往前,10
某个,10
罗马,10
轻视,10
感谢,10
意思,10
愿意,10
游戏,10
工厂,10
毕业证,10
小时候,10
吃得起,10
情商,10
关注,10
安身立命,10
如果说,10
熏陶,10
落榜,10
感受,10
富豪,10
咱们,10
概率论,10
提前,10
面前,10
选项,10
白岩松,10
我妈,10
机灵,10
招牌,10
往后,10
高考制度,10
无尽,10
忽视,10
总裁班,10
似的,10
too,10
足以,10
最能,10
填报,10
变量,10
承担,10
门票,10
各个,10
求职,10
家人,10
命题,10
三个,10
上海,10
训练,10
体面,10
本质,10
开端,10
霸道,10
二线,10
学院,10
人员,10
没错,10
所在,10
七大姑八大姨,10
靠着,10
超越,10
热衷于,10
面试,10
图书馆,10
回馈,10
太多太多,10
第四个,10
58,10
风水,10
米饭,10
easy,10
专情,10
康波,10
死亡,10
优质,10
荣耀,10
棋手,10
中奖率,10
当前,10
珍惜,10
先说,10
子弟,10
体验,10
展示,10
高学历,10
全部,10
是因为,10
体力,10
人数,10
失常,10
变相,10
国企,10
体系,10
老大,10
大字,10
方法,10
有句,10
没关系,10
总有,10
流传,10
10,10
心中,10
简历,10
尽全力,10
当初,10
保持,10
现代,10
来讲,10
做点,10
一万,10
青年,10
专科生,10
生命,10
有个,10
优异,10
讨饭,10
艺术,10
高低,10
快乐,10
穷人家,10
恰好,10
多个,10
王宝强,10
极端,10
黄金,10
这条,10
铁路,10
阴德,10
一片,10
大专生,10
在校,10
打开,10
向上,10
下力,10
蝴蝶效应,10
专转本,10
智商,10
本硕博,10
重点,10
视频,10
注意,10
三次,10
实验班,10
慢慢,10
底层,10
口中,10
周围,10
手段,10
保障,10
鸡汤,10
以下,10
自主,10
助力,10
下线,10
不在乎,10
弥补,10
中产,10
志愿,10
保底,10
万物,10
关于,10
所处,10
普普通通,10
北大,10
小时,10
除了,10
人际,10
王者,10
前行,10
初始,10
随便,10
组成,10
万人,10
终身,10
想象,10
基尼系数,10
一套,10
总裁,10
充分,10
专业知识,10
普罗,10
单位,10
上市,10
极大,10
天天,10
找个,10
假如,10
复读,10
选择面,10
教师,10
一张,10
你好,10
度过,10
答主,10
工人,10
无数次,10
踏入社会,10
在乎,10
一劳永逸,10
照顾,10
硕士,10
并非,10
意识,10
XX,10
这类,10
销售,10
一半,10
局限,10
分水岭,10
耳濡目染,10
考完,10
培养,10
太重,10
土丘,10
天下第一,10
下限,10
教训,10
一笔,10
知识点,10
排位,10
追上,10
白领,10
打破,10
平均,10
运行,10
谈钱,10
前段时间,10
十二年,10
过往,10
跨过,10
不配,10
富裕,10
30,10
勉强,10
下去,10
另一半,10
上能,10
实习,10
反驳,10
0.6,10
说服,10
意味,10
只能靠,10
长期,10
多么,10
太多,10
二十年,10
顿顿,10
39,10
一枚,10
长跑,10
冒名顶替,9
内心,8
推荐,8
焦虑,8
主动,8
健康,8
权贵,7
洗牌,7
说白了,7
相关,7
一只,7
所说,6
阴暗,6
晚上,6
真实,6
悲观,6
看起来,6
提出,6
一方面,5
一门,5
与其,5
无穷大,5
同系,5
因子,5
人生道路,5
走断,5
困扰,5
部分,5
相处,5
传统,5
他发,5
一卷,5
大概,5
地被,5
还会教,5
含选,5
大利,5
打击,5
开拓,5
xx,5
娘家,5
狭隘,5
第三,5
不幸,5
改革,5
抽空,5
信仰,5
倒计时,5
996,5
江海,5
千万,5
错失,5
起薪,5
建立,5
决策,5
沦为,5
自称,5
教育部,5
小宝贝,5
物质,5
专人,5
人们,5
身有,5
回过头来,5
过份,5
备考,5
动作,5
抉择,5
爆种,5
但阔,5
顽强,5
总是,5
长远目标,5
遮挡,5
权重,5
涨幅,5
绝不会,5
越来越少,5
新疆,5
父辈,5
哥哥,5
博弈,5
政工,5
看见,5
透明,5
兜底,5
网上,5
顶梁柱,5
刚好,5
高职,5
学会,5
从小,5
苍蝇,5
现如今,5
学学,5
物理化学,5
争一争,5
察言观色,5
唯分数论,5
14,5
很广,5
班主任,5
送房,5
八十,5
学长,5
考点,5
2019,5
三百六十行,5
前段,5
场上,5
转码,5
前者,5
数年,5
流连,5
共勉,5
经常,5
200,5
一流,5
亮丽,5
阿卡,5
诚心诚意,5
害怕,5
养家糊口,5
爷奶,5
超级,5
错误,5
离不开,5
工种,5
四大,5
狂妄,5
的确如此,5
上心,5
保守,5
安规,5
之功,5
上帝,5
排除,5
不太好,5
说话,5
不单单是,5
主页,5
平等竞争,5
哲学,5
BAT,5
反馈,5
考了,5
顺顺利利,5
为数不多,5
适应,5
之上,5
复变,5
说得好,5
工程师,5
也罢,5
身份,5
混上,5
夏季,5
正是,5
因数,5
说教,5
下棋,5
不学,5
务农,5
触及,5
判断,5
大牛市,5
差强,5
它会,5
下跌,5
否乎,5
良心,5
旺盛,5
百分之一,5
一个多,5
天花板,5
利用,5
矿有,5
不见得,5
买账,5
牵动,5
虚度光阴,5
八十年,5
结识,5
一穷二白,5
称为,5
准确,5
保护,5
之路,5
商机,5
劳动力,5
胜过,5
手中,5
貌若,5
上班,5
含金量,5
生长,5
某大,5
PS,5
从小到大,5
前进,5
失手,5
学妹,5
心灵鸡汤,5
多劳多得,5
不受,5
跨越,5
出手,5
感悟,5
适合,5
造就,5
羡慕,5
这得,5
教诲,5
通向,5
一般来说,5
回头,5
缓冲,5
六个,5
17,5
外因,5
缺点,5
不入流,5
千金,5
两院,5
11,5
颓废,5
分对,5
此处,5
不论是,5
起飞,5
老家,5
还长,5
悲剧,5
在此一举,5
转化,5
处事,5
境地,5
厚厚的,5
多半,5
薪酬,5
国内,5
越好,5
休息,5
份量,5
模考,5
使得,5
大奖,5
气氛,5
青春,5
独立思考,5
发起,5
赶得上,5
编织,5
无凭无据,5
火箭,5
比起,5
后悔莫及,5
烫出,5
不差,5
学风,5
太远,5
三线,5
苦口婆心,5
心在,5
三十九年,5
哪来,5
被动,5
大大小小,5
情景,5
倾向,5
主群,5
交通法规,5
两样,5
指数,5
认知,5
校门,5
每秒,5
黑夜,5
负责,5
输出,5
三代,5
中小,5
垃圾,5
美一人,5
毫无,5
心疼,5
娃们,5
步入,5
高超,5
话语权,5
纵使,5
双非,5
提倡,5
第五,5
强制,5
考博,5
阻碍,5
young,5
平时成绩,5
潜移默化,5
极少数,5
既然,5
解饿,5
人际交往,5
退出,5
科学,5
固定,5
3000,5
拓宽,5
实习生,5
反面教材,5
越是,5
没想到,5
学个,5
自律,5
员工,5
哈哈哈,5
写于,5
值钱,5
8k,5
DIY,5
考来,5
重庆,5
光辉,5
气质,5
读越,5
左拐,5
见效,5
被车,5
高考落榜,5
高则,5
改善,5
思考问题,5
觉得很有,5
企及,5
见谅,5
沾沾自喜,5
明文规定,5
99.99%,5
护士,5
旁边,5
比普本,5
六十年,5
多要,5
巨巨,5
进都,5
喝酒,5
热爱,5
明天,5
真话,5
赢回来,5
盲目,5
ta,5
总结,5
抓紧,5
韩寒,5
外貌,5
愧对,5
沉重感,5
历史舞台,5
校招,5
大过,5
暴涨,5
购买力,5
说富,5
沼泽,5
弟弟,5
不如意,5
家庭出身,5
不考,5
床前,5
改写,5
想到,5
两万,5
软件工程,5
考走,5
讲述,5
说实话,5
过书,5
卷子,5
不再,5
谈一谈,5
人流,5
改命,5
集合体,5
名臣,5
风云,5
一旦,5
缓冲期,5
成反比,5
导师,5
否则,5
只读,5
学了,5
有路,5
年少时,5
难得,5
条线,5
骄傲,5
小明,5
世界观,5
不出意外,5
银行,5
中转站,5
辉煌,5
无意,5
侵犯,5
甩开,5
数学家,5
觉悟,5
社会主义,5
咨询,5
棋艺,5
落下,5
夸奖,5
承诺,5
在内,5
物理学家,5
前夕,5
往上,5
源自,5
幻化,5
责任,5
截至,5
当带,5
西子,5
能省,5
水彩画,5
大陆,5
青年教师,5
为人处世,5
幸运,5
学识,5
报道,5
谈起,5
随口,5
征服,5
亲眼看见,5
以此,5
名不见经传,5
车程,5
后代,5
仅仅,5
其它,5
没人能,5
八月,5
固化,5
赋予,5
依然,5
毫无意义,5
尾声,5
360,5
膨胀,5
快递,5
埋怨,5
看来,5
残存,5
任何事物,5
年龄,5
一个月,5
横店,5
许多许多,5
程序员,5
很重,5
旗鼓相当,5
句点,5
南翔,5
ennn,5
亲戚家,5
蕴含,5
万事大吉,5
关心,5
纷杂,5
伴侣,5
顶多,5
留给,5
一点一点,5
逼迫,5
陷入,5
一朝一夕,5
少过,5
招聘员工,5
污染,5
公主,5
金白银,5
顺水,5
学渣,5
缺憾,5
千军万马,5
广大,5
讨论,5
2020,5
学弟,5
连贯性,5
做个,5
两次,5
那条,5
典范,5
19,5
一如,5
推动,5
房主,5
众人,5
天亮,5
追不上,5
蛊惑人心,5
意外,5
睡着,5
未可知,5
调动,5
资本主义,5
话语,5
相当,5
则安之,5
全面,5
何解,5
告别,5
面食,5
年龄段,5
记忆,5
手足无措,5
关键时刻,5
泡来,5
提交,5
回去,5
漫长,5
连连,5
售票员,5
单调,5
比赛,5
法律,5
讨厌,5
讲故事,5
起步,5
当兵,5
完美,5
否定,5
摆地摊,5
再家,5
微小,5
一流大学,5
不时,5
说明,5
家教,5
到头来,5
人能,5
4000,5
钻研,5
函数,5
认可,5
三岁,5
一帮,5
道德,5
无论是,5
塑造,5
大二,5
马太效应,5
反复,5
不堪一击,5
宿命论,5
伤害,5
遥远,5
听说,5
有太多,5
视线,5
升学,5
满足,5
严格,5
有幸,5
夫子,5
新兴,5
感激,5
两倍,5
偏差,5
流动,5
恭喜,5
结合,5
相貌,5
说会,5
半截入土,5
干嘛,5
不干,5
世代,5
女同学,5
湖南,5
外企,5
直观,5
吹牛,5
不难,5
律师,5
她们,5
转学,5
顺从,5
身家,5
全日制,5
某正,5
短跑选手,5
卫星,5
回老家,5
神经,5
高度机密,5
反对,5
勃学,5
经典,5
云泥之别,5
好吃懒做,5
监督,5
勤奋,5
哪座,5
傻事,5
某种程度,5
五天,5
跳楼,5
钻石,5
人生价值,5
别抖,5
必需,5
大厅,5
唯独,5
随时,5
端倪,5
困难,5
排开,5
老老实实,5
撑起,5
贴切,5
二运,5
几点,5
之外,5
学术,5
亲人,5
很火,5
0.7,5
叠加,5
老爷子,5
老话,5
代际,5
三岁时,5
紧绷,5
暂且,5
翻过,5
埋没,5
攒钱,5
考博士,5
当中,5
奉劝,5
几代,5
青铜,5
极小,5
新房,5
平添,5
论证,5
之内,5
直到,5
模糊,5
途中,5
梦境,5
念过,5
六点,5
90,5
这酸,5
明清,5
我本,5
摸爬滚打,5
第一道,5
1w,5
明显,5
年前,5
证伪,5
证书,5
大开方便之门,5
洗车,5
自然,5
锁定,5
假装,5
赤裸裸,5
张纸,5
不看,5
寿命,5
CBD,5
幸存者,5
招进,5
一事无成,5
十分,5
挣到,5
分别,5
值得尊重,5
不积跬步,5
越能,5
卢浮宫,5
填鸭式,5
反应,5
2000m,5
转化率,5
盖个,5
需求,5
村子,5
正式,5
脑子,5
史诗,5
彻底改变,5
50%,5
未遂,5
沉闷,5
今年,5
欲哭无泪,5
英语老师,5
比人脉,5
好笑,5
末流,5
洪流,5
改进,5
应聘者,5
悲壮,5
呼吁,5
90%,5
死心,5
这两点,5
白痴,5
还好,5
困于,5
之一,5
沉淀,5
针对,5
最低,5
顺风,5
通信,5
角度,5
平凡人,5
不紧不慢,5
风趣,5
脚步,5
名片,5
不公,5
远远,5
各个方面,5
来者可追,5
衡量,5
特殊,5
不太,5
不值一提,5
游学,5
1200,5
居然,5
低于,5
挣大钱,5
七到,5
01,5
解题技巧,5
一楼,5
隐藏,5
坚信,5
严谨,5
处处,5
内地,5
评为,5
偷鸡摸狗,5
修车,5
率兵,5
懒惰,5
心上,5
何等,5
否认,5
用户,5
经过,5
撑死,5
权利,5
数百年,5
说句实话,5
厚实,5
待见,5
顿时,5
室友,5
少点,5
安排,5
专注,5
考验,5
问出,5
纠结,5
信嘛,5
600,5
一辈,5
即便,5
某种,5
院士,5
动脑子,5
pass,5
本身,5
末端,5
第一份,5
公平合理,5
郊区,5
方为人上,5
求知,5
越来越,5
耕地,5
得奖,5
一日,5
夫人,5
cs,5
这成,5
潘安,5
给予,5
接近,5
学到,5
小刚,5
武警,5
迎向,5
女生,5
迫不及待,5
昨日,5
文艺界,5
正常人,5
戏剧性,5
白走,5
丑家,5
没事,5
前面,5
高中同学,5
树立,5
习惯,5
连续,5
那句,5
亲身,5
修理工,5
马上,5
亿万富翁,5
网速,5
观察,5
形势,5
直聘,5
不吃,5
英语,5
对象,5
摸索,5
三观,5
一共,5
软件,5
委婉,5
意见,5
现阶段,5
三无,5
从未,5
一块钱,5
文字,5
孟子,5
做题,5
庆幸,5
造诣,5
无则,5
搭进去,5
文字版,5
拼过,5
哪有,5
别太,5
留个,5
跳板,5
上人,5
觉定,5
干活,5
看一看,5
社会工作,5
读于,5
有益,5
隔壁家,5
某种意义,5
车祸,5
全程,5
书本知识,5
简直,5
窃取,5
大到,5
国考,5
古话,5
无望,5
研究,5
第三个,5
光荣,5
人生路,5
仍会,5
同龄,5
遍地,5
民间,5
鹌鹑,5
产业,5
成人礼,5
平凡,5
第一任,5
力量,5
段时间,5
健美操,5
巴黎,5
花费,5
猜测,5
学级,5
仅剩,5
可有,5
羽翼,5
围观,5
眼见,5
调侃,5
代价,5
普遍性,5
清华大学,5
利益,5
首富,5
前问,5
天差地别,5
行哩,5
会计,5
日子,5
为人处事,5
另起,5
升迁,5
小伙子,5
红烧肉,5
日记,5
上定,5
考过,5
实不相瞒,5
中个,5
高等教育,5
表叔,5
剖析,5
选好,5
逝去,5
过来人,5
选拨,5
这块,5
关联,5
从而,5
综合,5
放空,5
打碎,5
部委,5
实话,5
211985,5
抱怨,5
有钱人,5
围桌,5
没想,5
零班,5
140,5
凡事,5
租给,5
自身,5
五年,5
常态,5
平米,5
问个问题,5
事儿,5
即便如此,5
多人,5
几道,5
优胜者,5
不太能,5
虽说,5
留有,5
强哥,5
全校,5
同一个,5
安置,5
跳下来,5
理科生,5
rmb,5
5000,5
男生,5
天南地北,5
选个,5
多年,5
瞧不起,5
前人,5
top50,5
美术,5
且不说,5
舍友,5
奉命,5
蜗居,5
业务,5
童鞋,5
读到,5
社交,5
美人,5
有的是,5
建树,5
大腿,5
以来,5
那点,5
寄希望于,5
再大,5
即将,5
办公室,5
三步,5
金钱,5
很傻,5
德才兼备,5
中选,5
不靠,5
找对象,5
微服,5
奔跑,5
弥散,5
类型,5
方向盘,5
华里,5
抖个,5
同桌,5
不肯,5
辛苦,5
必然,5
兴趣,5
个例,5
单单,5
美的,5
成分,5
多少倍,5
资源分配,5
加上,5
看得,5
颜值,5
做到,5
盲从,5
穷孩子,5
何干,5
大半个,5
硕博,5
询问,5
算数,5
种种,5
课程,5
部级,5
开局,5
得意,5
安全感,5
有备无患,5
有利于,5
两大本,5
邻居,5
1031,5
创业者,5
各学科,5
名声,5
区别,5
美女,5
同等,5
结构,5
好多,5
土地,5
各有,5
未必,5
拼劲,5
山区,5
别以为,5
数据,5
平叛,5
大厂,5
并不聪明,5
来答,5
社畜,5
大致,5
压线,5
卷土重来,5
美若天仙,5
每分,5
才子,5
出巡,5
标题,5
约束,5
相忘,5
3k,5
高处,5
报名费,5
重要性,5
年轻人,5
没上,5
敬畏,5
十几年,5
灵活,5
驾驶,5
分段,5
线路,5
清洁工,5
关乎,5
上层,5
orz,5
积蓄,5
样貌,5
面广,5
万两,5
明媚,5
善意,5
屋里,5
残疾,5
次次,5
分叉,5
百分之,5
更广,5
说出,5
一蹶不振,5
越难,5
况且,5
遵守,5
记一,5
人要,5
难道,5
无用论,5
部门,5
星耀,5
人口,5
文科,5
锦上添花,5
差一点,5
几十年,5
用手,5
辜负,5
对手,5
入狱,5
容错,5
空间,5
公务员,5
本地,5
静下心来,5
限制,5
2018,5
很久,5
案例,5
有所提高,5
懂得,5
代替,5
阿成,5
来到,5
否决,5
旮沓,5
哪种,5
步伐,5
咱先,5
结婚,5
路途,5
重生,5
拓展,5
概念,5
错过,5
背书,5
忽略,5
过分,5
抓起,5
灰心,5
不进则退,5
十分之一,5
麒麟,5
内因,5
仅此而已,5
规模,5
年代,5
有言,5
做成,5
路能,5
深造,5
教研室,5
尊严,5
比社,5
夜静,5
从此,5
抱负,5
看下,5
龙虾,5
提醒,5
行为,5
体无完肤,5
过滤,5
在读,5
流水线,5
浙江,5
两座,5
德智体美,5
离开,5
下结论,5
不足,5
双职工,5
创造力,5
金融,5
咋样,5
小流,5
现价,5
具备,5
两种,5
敲钟,5
一命,5
县里,5
阿里,5
必学,5
抽奖,5
成度,5
扣个,5
分析师,5
我选,5
八九千,5
自家,5
玩得,5
起码,5
状元,5
最多,5
报考,5
玩耍,5
养成,5
管理,5
磨难,5
不留,5
台上,5
弹性,5
结局,5
反问,5
数倍,5
回想,5
说个,5
特长,5
看待,5
回国,5
二人,5
京沪,5
人类,5
月薪,5
没拿到,5
自我,5
做主,5
遇到,5
有所,5
起到,5
实际上,5
不算,5
忧愁,5
红利,5
搞清楚,5
统称,5
感都,5
坚定不移,5
鼓吹,5
大神,5
不上不下,5
中规中矩,5
一到,5
高兴,5
歧视,5
大于,5
贫农,5
农田,5
云南,5
风险,5
开心,5
用人单位,5
比考,5
峥嵘岁月,5
日益,5
打架,5
活着,5
四积,5
不管怎么,5
越低,5
会想,5
诸君,5
挣钱,5
身体健康,5
一模,5
走进,5
白银,5
因果关系,5
选取,5
经济,5
说读,5
下家,5
点个,5
杯子,5
就读,5
侥幸心理,5
复习班,5
脑子里,5
今日,5
个人努力,5
合适,5
胜负,5
高枕无忧,5
很明,5
上前,5
来源,5
别的,5
数学题,5
有趣,5
苦力,5
浑浑噩噩,5
人情世故,5
地球,5
形式,5
屠龙之技,5
一名,5
早上,5
感到,5
做大,5
物欲,5
古代,5
阶梯,5
省城,5
坎坷不平,5
更大,5
想尽办法,5
碰运气,5
嘱咐,5
车子,5
山沟沟,5
高中毕业,5
颗星,5
往昔,5
没人脉,5
豪宅,5
变动,5
窗口,5
纯粹,5
别看,5
读个,5
外面,5
面露难色,5
几千,5
一朝,5
积极,5
竞赛,5
分开,5
玄学,5
无可厚非,5
手艺,5
所能,5
语境,5
攻破,5
伟人,5
重庆大学,5
舍弃,5
事故,5
脱单,5
顺顺当当,5
七十多岁,5
他学,5
个富,5
不谏,5
很能,5
心动,5
不缺,5
力气,5
里程碑,5
不信,5
宝贵,5
全靠,5
色彩,5
身处,5
优先,5
环节,5
奥利,5
通常,5
权衡,5
投入产出,5
安全,5
万苦,5
奈何,5
回家,5
一位,5
各方,5
少女,5
分析,5
论文,5
大道理,5
便成,5
恋家,5
哪怕,5
送给,5
时刻,5
奖励,5
贡献,5
屁话,5
交流,5
上古时代,5
20%,5
配图,5
干扰,5
耀眼,5
超常,5
带入,5
客观,5
教育局,5
草草收场,5
举个,5
642,5
一刻,5
十个,5
主播,5
搞个,5
英国,5
医嘱,5
一系列,5
一点点,5
下摆,5
辞职,5
交通工具,5
相反,5
之力,5
某某某,5
扩大,5
现行,5
不知,5
独木桥,5
赶快,5
两眼,5
水到渠成,5
刑事犯罪,5
长安,5
中学,5
清朝,5
香港,5
内容,5
大大的,5
受不了,5
积攒,5
猛灌,5
土豆,5
言论,5
一大半,5
致死,5
冒犯,5
完善,5
说到底,5
严格来说,5
说法,5
送车,5
玩笑,5
贷款,5
迈过去,5
每每,5
总和,5
成人高考,5
那一刻,5
几次,5
自从,5
二者之间,5
手机,5
票子,5
西南,5
把握,5
而出,5
伟大,5
拒绝,5
那位,5
主角,5
全力,5
我算,5
不问,5
雪中送炭,5
下一代,5
迟早,5
休学,5
约等于,5
殷实,5
事业单位,5
哲学家,5
所料,5
放大,5
时分,5
挣得,5
便是,5
人中,5
体制,5
欧皇,5
方方面面,5
多长,5
12,5
万分之一,5
旮旯,5
这要,5
枷锁,5
劝诫,5
前沿,5
关口,5
千千万万,5
交汇,5
崩溃,5
四十岁,5
私企,5
机遇,5
家底,5
偶然,5
绝望,5
算得,5
偏向,5
起跑,5
科太多,5
无限大,5
学者,5
山东,5
几年,5
准考证,5
两千万,5
C9,5
控制,5
普通高校,5
心智,5
七月份,5
遗产,5
最高,5
升官,5
换来,5
过来,5
败北,5
风生水,5
大多,5
一圈,5
社区,5
台阶,5
学府,5
磨灭,5
管束,5
的的确确,5
活下去,5
胜于蓝,5
笼统,5
成人,5
逆转,5
稍微,5
现实生活,5
总会,5
有好有坏,5
变通,5
记者,5
风口,5
适用,5
天定,5
劝退,5
玩命,5
太紧张,5
店员,5
运用,5
入场券,5
街上,5
一刻起,5
分高,5
现今,5
个个,5
站点,5
讲讲,5
大事,5
过年,5
县长,5
知识性,5
绝对性,5
笃定,5
先开个,5
谋生,5
认真学习,5
无用,5
无数道,5
本着,5
考有,5
一会,5
得失心,5
跑车,5
保证,5
中等偏上,5
远不如,5
实在,5
依赖,5
太大,5
我大,5
一百种,5
几率,5
远到,5
座下,5
友好,5
众多,5
人来,5
不济,5
长处,5
公转,5
初三,5
42,5
大四,5
影响力,5
教育培养,5
中苦,5
子承父业,5
5%,5
精通,5
短期,5
优于,5
无以至千里,5
销售主管,5
低则,5
危言耸听,5
援手,5
不屑一顾,5
..,5
一快,5
随机,5
回报,5
绝非,5
这边,5
单论,5
较为,5
顾客,5
前半生,5
圈层,5
相对而言,5
支撑,5
加持,5
诸如此类,5
十楼,5
国情,5
超过,5
质量,5
一股,5
八点,5
淘汰,5
中央,5
四十,5
叫做,5
儿时,5
良好,5
舒坦,5
关系不大,5
经验,5
前才,5
证件,5
近到,5
包吃包住,5
一分之差,5
事例,5
买不起,5
并无二致,5
庄严,5
生存,5
折腾,5
父母辈,5
填志愿,5
网易,5
完全相同,5
考差,5
刚才,5
技术,5
比差,5
普本,5
受气,5
富人,5
静待题,5
没事儿,5
收费员,5
品行,5
磨练,5
1000,5
普通高中,5
往常,5
承受,5
统一,5
寝食难安,5
本钱,5
现有,5
爱人,5
北大清华,5
毒打,5
富士康,5
手册,5
多点,5
注定,5
同期,5
这会,5
要不是,5
长寿,5
一腔热血,5
xxx,5
棋阵,5
挺难,5
温饱,5
施展,5
若干条,5
学好,5
知识结构,5
突出,5
体现,5
今天,5
小生意,5
碎片,5
人际关系,5
缺失,5
去年,5
三岔路口,5
神圣不可,5
不大能,5
三十年,5
混得,5
家门口,5
更能,5
俞敏洪,5
电子厂,5
根本原因,5
各有命,5
不切实际,5
胆子,5
医学,5
符合,5
校友,5
线高,5
18,5
知足,5
22,5
不上,5
场景,5
仇恨,5
后期,5
大些,5
眼前,5
从头到尾,5
段位,5
人光,5
N年,5
爸爸,5
公正,5
前往,5
受到,5
刚出生,5
决不,5
反而,5
控制变量,5
门内,5
这倒,5
契机,5
逻辑,5
眷顾,5
累死,5
坚持不懈,5
毫无疑问,5
形成,5
成果,5
左右,5
安安稳稳,5
千樯,5
说了算,5
读书人,5
人为,5
吃不起,5
iPad,5
各种各样,5
没人会,5
地利,5
安家落户,5
十块钱,5
人均收入,5
年纪,5
对号入座,5
无头,5
同校,5
林省,5
走入,5
大名,5
必经之路,5
飞机,5
家伙,5
指引,5
sample,5
循环,5
一会儿,5
达官显贵,5
七云,5
无数种,5
龙凤,5
弊端,5
动力,5
软件开发,5
其次,5
忘记,5
更坏,5
作弊,5
分母,5
限于,5
张卷,5
没什么,5
打火机,5
有马云,5
我来,5
上下班,5
功成名就,5
这片,5
就要,5
相互影响,5
摔死,5
后续,5
智慧,5
规则,5
斯坦福,5
学都,5
躲避,5
老公,5
教会,5
不仅仅,5
异性,5
大不了,5
十万,5
学位证书,5
读硕,5
阳光,5
专业性,5
牌子,5
招收,5
殊途同归,5
戏中人,5
出头,5
浑噩,5
父亲节,5
直白,5
它考,5
话题,5
奖学金,5
不去,5
boss,5
上去,5
海外,5
不愁吃,5
前中期,5
写道,5
问一问,5
小红当,5
始终保持,5
想花,5
机动车,5
成败,5
不多,5
很长,5
搬运工,5
后头,5
一行,5
走过,5
疯狂,5
站稳脚跟,5
心仪,5
历史,5
不请自来,5
并不大,5
不住,5
不积,5
记二,5
脱颖而出,5
一百倍,5
神化,5
无以,5
拼上来,5
芸芸,5
报告,5
尽孝,5
后半生,5
碰到,5
检验,5
捏了一把汗,5
非要,5
出过,5
刚教过,5
害惨,5
高速,5
社团,5
随心所欲,5
钱供,5
前提条件,5
赞同,5
有助于,5
有点烦,5
长长的,5
此条,5
一大堆,5
习题,5
之大来,5
学科,5
实例,5
微博,5
无缘,5
天请,5
满怀,5
犯错,5
镀金,5
头疼,5
领先,5
高大,5
对口,5
位置,5
引用,5
最为,5
上进心,5
星等,5
不买股,5
读过,5
浑身,5
合作,5
四个,5
排斥,5
处在,5
畅想,5
逆水行舟,5
门面,5
聊天,5
永恒,5
补足,5
脑力劳动,5
但会,5
全力以赴,5
服务,5
很多很多,5
大学本科,5
最最,5
拱手相让,5
铺就,5
投诉,5
稍稍,5
优待,5
幼教,5
念书,5
负重,5
后浪,5
停留,5
难度,5
练就,5
青出于蓝,5
拼命,5
自制,5
第二季,3
人会,3
一成不变,3
持之以恒,3
作出,3
圆桌,3
强壮,3
多数,3
启发,3
擅于,3
毅力,3
体魄,3
卓越,3
强大,3
做事,3
一集,3
坚定,3
随之,3
挣个,2
无忧无虑,2
一职,2
万八千,2
上流社会,2
比比皆是,2
一手,2
每月,2
打烂,2
好牌,2
半级,2
脚踏,2
开阔,2
重新,2
以内,2
二环,2
跻身,2
不全是,1
想太多,1
一颗,1
忐忑,1
敏感,1
慎入,1
记住,1
点开,1
言辞,1
怀着,1
本文,1
可笑,1
